{
	"name": "Beak",
	"render_type": "bedrock",
	"hidden_parts": [],
	"render_data" : {
	"format_version": "1.12.0",
	"minecraft:geometry": [
		{
			"description": {
				"identifier": "geometry.unknown",
				"texture_width": 32,
				"texture_height": 32,
				"visible_bounds_width": 2,
				"visible_bounds_height": 3.5,
				"visible_bounds_offset": [0, 1.25, 0]
			},
			"bones": [
				{
					"name": "beak1",
					"pivot": [0, -0.5, 0]
				},
				{
					"name": "bone312",
					"parent": "beak1",
					"pivot": [0, 27.5, -4],
					"rotation": [10, 0, 0]
				},
				{
					"name": "bone310",
					"parent": "bone312",
					"pivot": [0, 23.5, -5],
					"cubes": [
						{"origin": [-1, 24.5, -7], "size": [2, 1, 3], "inflate": 0.15, "uv": [7, 7]},
						{"origin": [-1, 24.5, -5.2], "size": [2, 2, 3], "inflate": 0.01, "uv": [0, 5]}
					]
				},
				{
					"name": "bone311",
					"parent": "bone312",
					"pivot": [0, 27.5, -3.6],
					"rotation": [27.5, 0, 0],
					"cubes": [
						{"origin": [-1, 26.5, -7.6], "size": [2, 1, 4], "uv": [0, 0]},
						{"origin": [-1, 26.5, -4.6], "size": [2, 1, 1], "inflate": 0.125, "uv": [7, 5]}
					]
				}
			]
		}
	]
	},
	"texture": "moreplayermodels:textures/beak1.png",
	"body_part": "head",
	"menu": "CORVUS_Head",
	"preview_rotation": 315,
	"translate": [0, 12, 0],
	"scale": [1.0, 1.0, 1.0],
	"rotate_offset": [0, -12, 0.0],
	"rotate": [0.0, 0, 0.0],
	"can_use_player_skin" : true,
	"author": "nymphbat"
}