{
	"name": "Flop Ears",
	"render_type": "bedrock",
	"hidden_parts": [],
	"render_data" : {
	"format_version": "1.12.0",
	"minecraft:geometry": [
		{
			"description": {
				"identifier": "geometry.unknown",
				"texture_width": 32,
				"texture_height": 32,
				"visible_bounds_width": 2,
				"visible_bounds_height": 3.5,
				"visible_bounds_offset": [0, 1.25, 0]
			},
			"bones": [
				{
					"name": "ear",
					"pivot": [0, 0, 0]
				},
				{
					"name": "bone478",
					"parent": "ear",
					"pivot": [4, 31, -2],
					"rotation": [0, -40, -45],
					"cubes": [
						{"origin": [3, 29, -2], "size": [1, 2, 4], "uv": [0, 14]}
					]
				},
				{
					"name": "bone479",
					"parent": "bone478",
					"pivot": [4, 29, 0],
					"rotation": [0, 0, 30],
					"cubes": [
						{"origin": [3, 26, -2], "size": [1, 3, 4], "inflate": 0.15, "uv": [6, 10]}
					]
				},
				{
					"name": "bone480",
					"parent": "bone479",
					"pivot": [4, 26, 2],
					"rotation": [-5, 0, 22.5],
					"cubes": [
						{"origin": [3, 23, -2], "size": [1, 3, 4], "inflate": 0.25, "uv": [0, 7]}
					]
				},
				{
					"name": "bone481",
					"parent": "bone480",
					"pivot": [4, 23, -2],
					"rotation": [2.5, 0, 15],
					"cubes": [
						{"origin": [3, 21, -2], "size": [1, 2, 4], "inflate": 0.15, "uv": [12, 13]}
					]
				},
				{
					"name": "bone482",
					"parent": "bone481",
					"pivot": [4, 21, -1.5],
					"rotation": [10, 0, 15],
					"cubes": [
						{"origin": [3, 19, -1.5], "size": [1, 2, 3], "uv": [18, 12]}
					]
				},
				{
					"name": "bone483",
					"parent": "ear",
					"pivot": [-4, 31, -2],
					"rotation": [0, 40, 45],
					"cubes": [
						{"origin": [-4, 29, -2], "size": [1, 2, 4], "uv": [12, 6]}
					]
				},
				{
					"name": "bone484",
					"parent": "bone483",
					"pivot": [-4, 29, 0],
					"rotation": [0, 0, -30],
					"cubes": [
						{"origin": [-4, 26, -2], "size": [1, 3, 4], "inflate": 0.15, "uv": [6, 3]}
					]
				},
				{
					"name": "bone485",
					"parent": "bone484",
					"pivot": [-4, 26, 2],
					"rotation": [-5, 0, -22.5],
					"cubes": [
						{"origin": [-4, 23, -2], "size": [1, 3, 4], "inflate": 0.25, "uv": [0, 0]}
					]
				},
				{
					"name": "bone486",
					"parent": "bone485",
					"pivot": [-4, 23, -2],
					"rotation": [2.5, 0, -15],
					"cubes": [
						{"origin": [-4, 21, -2], "size": [1, 2, 4], "inflate": 0.15, "uv": [12, 0]}
					]
				},
				{
					"name": "bone487",
					"parent": "bone486",
					"pivot": [-4, 21, -1.5],
					"rotation": [10, 0, -15],
					"cubes": [
						{"origin": [-4, 19, -1.5], "size": [1, 2, 3], "uv": [7, 17]}
					]
				}
			]
		}
	]
},
	"texture": "moreplayermodels:textures/longflop.png",
	"body_part": "head",
	"menu": "CORVUS_Ears",
	"preview_rotation": 315,
	"translate": [0, 12, 0],
	"scale": [1.0, 1.0, 1.0],
	"rotate_offset": [0, -12, 0.0],
	"rotate": [0.0, 0, 0.0],
	"can_use_player_skin" : true,
	"author": "nymphbat"
}