{
	"name": "Bug_Eyes",
	"render_type": "bedrock",
	"hidden_parts": [],
	"render_data" : {
	"format_version": "1.12.0",
	"minecraft:geometry": [
		{
			"description": {
				"identifier": "geometry.unknown",
				"texture_width": 16,
				"texture_height": 16,
				"visible_bounds_width": 2,
				"visible_bounds_height": 3.5,
				"visible_bounds_offset": [0, 1.25, 0]
			},
			"bones": [
				{
					"name": "eyes",
					"pivot": [0, 0, 0]
				},
				{
					"name": "bone372",
					"parent": "eyes",
					"pivot": [3, 28.7, -3]
				},
				{
					"name": "bone371",
					"parent": "bone372",
					"pivot": [3, 28.7, -3],
					"cubes": [
						{"origin": [1, 26.7, -4], "size": [3, 3, 2], "inflate": 0.15, "uv": [0, 5]}
					]
				},
				{
					"name": "bone373",
					"parent": "eyes",
					"pivot": [-3, 28.7, -3]
				},
				{
					"name": "bone374",
					"parent": "bone373",
					"pivot": [-3, 28.7, -3],
					"cubes": [
						{"origin": [-4, 26.7, -4], "size": [3, 3, 2], "inflate": 0.15, "uv": [0, 0]}
					]
				}
			]
		}
	]
},
	"texture": "moreplayermodels:textures/eyes.png",
	"body_part": "head",
	"menu": "CORVUS_Head",
	"preview_rotation": 315,
	"translate": [0, 12, 0],
	"scale": [1.0, 1.0, 1.0],
	"rotate_offset": [0, -12, 0.0],
	"rotate": [0.0, 0, 0.0],
	"can_use_player_skin" : true,
	"author": "nymphbat"
}