{
	"name": "Dog Ears",
	"render_type": "bedrock",
	"hidden_parts": [],
	"render_data" : {
	"format_version": "1.12.0",
	"minecraft:geometry": [
		{
			"description": {
				"identifier": "geometry.unknown",
				"texture_width": 32,
				"texture_height": 32,
				"visible_bounds_width": 2,
				"visible_bounds_height": 3.5,
				"visible_bounds_offset": [0, 1.25, 0]
			},
			"bones": [
				{
					"name": "flop_dog",
					"pivot": [0, 0, 0]
				},
				{
					"name": "bone651",
					"parent": "flop_dog",
					"pivot": [1, 31, -2],
					"rotation": [0, 0, 20],
					"cubes": [
						{"origin": [1, 30, -2], "size": [4, 4, 1], "inflate": 0.01, "uv": [0, 5]}
					]
				},
				{
					"name": "bone652",
					"parent": "bone651",
					"pivot": [1, 34, -1],
					"rotation": [65, 0, 0],
					"cubes": [
						{"origin": [1, 34, -2], "size": [3, 4, 1], "uv": [0, 10]}
					]
				},
				{
					"name": "bone685",
					"parent": "flop_dog",
					"pivot": [-1, 31, -2],
					"rotation": [0, 0, -20],
					"cubes": [
						{"origin": [-5, 30, -2], "size": [4, 4, 1], "inflate": 0.01, "uv": [0, 0]}
					]
				},
				{
					"name": "bone686",
					"parent": "bone685",
					"pivot": [-1, 34, -1],
					"rotation": [65, 0, 0],
					"cubes": [
						{"origin": [-4, 34, -2], "size": [3, 4, 1], "uv": [9, 9]}
					]
				}
			]
		}
	]
},
	"texture": "moreplayermodels:textures/flopear.png",
	"body_part": "head",
	"menu": "CORVUS_Ears",
	"preview_rotation": 315,
	"translate": [0, 12, 0],
	"scale": [1.0, 1.0, 1.0],
	"rotate_offset": [0, -12, 0.0],
	"rotate": [0.0, 0, 0.0],
	"can_use_player_skin" : true,
	"author": "nymphbat"
}