{
	"name": "Cat Ears",
	"render_type": "bedrock",
	"hidden_parts": [],
	"render_data" : {
	"format_version": "1.12.0",
	"minecraft:geometry": [
		{
			"description": {
				"identifier": "geometry.unknown",
				"texture_width": 32,
				"texture_height": 32,
				"visible_bounds_width": 2,
				"visible_bounds_height": 3.5,
				"visible_bounds_offset": [0, 1.25, 0]
			},
			"bones": [
				{
					"name": "cat_ears",
					"pivot": [0, 0, 0]
				},
				{
					"name": "bone648",
					"parent": "cat_ears",
					"pivot": [2, 32, 0],
					"rotation": [5, -25, 40],
					"cubes": [
						{"origin": [2, 30, -1], "size": [4, 4, 1], "inflate": 0.01, "uv": [0, 5]}
					]
				},
				{
					"name": "bone647",
					"parent": "bone648",
					"pivot": [2.5, 34.5, 0],
					"cubes": [
						{"origin": [2.5, 33.5, -1], "size": [3, 2, 1], "uv": [0, 10]}
					]
				},
				{
					"name": "bone649",
					"parent": "cat_ears",
					"pivot": [-2, 32, 0],
					"rotation": [5, 25, -40],
					"cubes": [
						{"origin": [-6, 30, -1], "size": [4, 4, 1], "inflate": 0.01, "uv": [0, 0]}
					]
				},
				{
					"name": "bone650",
					"parent": "bone649",
					"pivot": [-2.5, 34.5, 0],
					"cubes": [
						{"origin": [-5.5, 33.5, -1], "size": [3, 2, 1], "uv": [9, 9]}
					]
				}
			]
		}
	]
},
	"texture": "moreplayermodels:textures/cat_ear.png",
	"body_part": "head",
	"menu": "CORVUS_Ears",
	"preview_rotation": 315,
	"translate": [0, 12, 0],
	"scale": [1.0, 1.0, 1.0],
	"rotate_offset": [0, -12, 0.0],
	"rotate": [0.0, 0, 0.0],
	"can_use_player_skin" : true,
	"author": "nymphbat"
}