{
	"name": "Deer_Ears",
	"render_type": "bedrock",
	"hidden_parts": [],
	"render_data" : {
	"format_version": "1.12.0",
	"minecraft:geometry": [
		{
			"description": {
				"identifier": "geometry.unknown",
				"texture_width": 32,
				"texture_height": 32,
				"visible_bounds_width": 3,
				"visible_bounds_height": 3.5,
				"visible_bounds_offset": [0, 1.25, 0]
			},
			"bones": [
				{
					"name": "faun",
					"pivot": [0, 0, 0]
				},
				{
					"name": "bone339",
					"parent": "faun",
					"pivot": [-0.5, 0, 0]
				},
				{
					"name": "bone340",
					"parent": "bone339",
					"pivot": [3.5, 29, 1],
					"rotation": [22.5, 0, -25],
					"cubes": [
						{"origin": [2.5, 28, 0], "size": [3, 1, 1], "inflate": 0.01, "uv": [0, 10]}
					]
				},
				{
					"name": "bone338",
					"parent": "bone340",
					"pivot": [4.5, 27, 0],
					"cubes": [
						{"origin": [2.5, 26, 1], "size": [2, 3, 0], "uv": [14, 11]},
						{"origin": [2.5, 26, 1.0095], "size": [2, 3, 0], "uv": [14, 8]},
						{"origin": [4.5, 25.5, 1], "size": [3, 4, 0], "uv": [6, 6]},
						{"origin": [4.5, 25.5, 1.0095], "size": [3, 4, 0], "uv": [6, 2]}
					]
				},
				{
					"name": "bone341",
					"parent": "bone338",
					"pivot": [7.5, 27.5, 1],
					"rotation": [0, 15, 0],
					"cubes": [
						{"origin": [7.5, 26, 1], "size": [3, 3, 0], "uv": [12, 5]},
						{"origin": [7.5, 26, 1.0095], "size": [3, 3, 0], "uv": [12, 2]}
					]
				},
				{
					"name": "bone342",
					"parent": "faun",
					"pivot": [0.5, 0, 0]
				},
				{
					"name": "bone343",
					"parent": "bone342",
					"pivot": [-3.5, 29, 1],
					"rotation": [22.5, 0, 25],
					"cubes": [
						{"origin": [-5.5, 28, 0], "size": [3, 1, 1], "inflate": 0.01, "uv": [6, 0]}
					]
				},
				{
					"name": "bone344",
					"parent": "bone343",
					"pivot": [-4.5, 27, 0],
					"cubes": [
						{"origin": [-4.5, 26, 1], "size": [2, 3, 0], "uv": [10, 13]},
						{"origin": [-4.5, 26, 1.0095], "size": [2, 3, 0], "uv": [6, 13]},
						{"origin": [-7.5, 25.5, 1], "size": [3, 4, 0], "uv": [0, 4]},
						{"origin": [-7.5, 25.5, 1.0095], "size": [3, 4, 0], "uv": [0, 0]}
					]
				},
				{
					"name": "bone345",
					"parent": "bone344",
					"pivot": [-7.5, 27.5, 1],
					"rotation": [0, -15, 0],
					"cubes": [
						{"origin": [-10.5, 26, 1], "size": [3, 3, 0], "uv": [0, 12]},
						{"origin": [-10.5, 26, 1.0095], "size": [3, 3, 0], "uv": [8, 10]}
					]
				}
			]
		}
	]
},
	"texture": "moreplayermodels:textures/faun.png",
	"body_part": "head",
	"menu": "CORVUS_Ears",
	"preview_rotation": 315,
	"translate": [0, 12, 0],
	"scale": [1.0, 1.0, 1.0],
	"rotate_offset": [0, -12, 0.0],
	"rotate": [0.0, 0, 0.0],
	"can_use_player_skin" : true,
	"author": "nymphbat"
}