{
	"name": "Deer_Ears",
	"render_type": "bedrock",
	"hidden_parts": [],
	"render_data" : {
	"format_version": "1.12.0",
	"minecraft:geometry": [
		{
			"description": {
				"identifier": "geometry.unknown",
				"texture_width": 32,
				"texture_height": 32,
				"visible_bounds_width": 2,
				"visible_bounds_height": 3.5,
				"visible_bounds_offset": [0, 1.25, 0]
			},
			"bones": [
				{
					"name": "faun2",
					"pivot": [0, 0, 0]
				},
				{
					"name": "bone381",
					"parent": "faun2",
					"pivot": [-0.5, 0, 0]
				},
				{
					"name": "bone382",
					"parent": "bone381",
					"pivot": [4.4, 29.5, 0],
					"rotation": [47.5, 42.5, 55],
					"cubes": [
						{"origin": [3.4, 28.5, -1], "size": [3, 1, 1], "inflate": 0.01, "uv": [0, 10]}
					]
				},
				{
					"name": "bone383",
					"parent": "bone382",
					"pivot": [5.4, 27.5, -1],
					"cubes": [
						{"origin": [3.4, 26.5, 0], "size": [2, 3, 0], "uv": [14, 11]},
						{"origin": [3.4, 26.5, 0.0095], "size": [2, 3, 0], "uv": [14, 8]},
						{"origin": [5.4, 26, 0], "size": [3, 4, 0], "uv": [6, 6]},
						{"origin": [5.4, 26, 0.0095], "size": [3, 4, 0], "uv": [6, 2]}
					]
				},
				{
					"name": "bone384",
					"parent": "bone383",
					"pivot": [8.4, 28, 0],
					"rotation": [0, 15, 0],
					"cubes": [
						{"origin": [8.4, 26.5, 0], "size": [3, 3, 0], "uv": [12, 5]},
						{"origin": [8.4, 26.5, 0.0095], "size": [3, 3, 0], "uv": [12, 2]}
					]
				},
				{
					"name": "bone385",
					"parent": "faun2",
					"pivot": [0.5, 0, 0]
				},
				{
					"name": "bone386",
					"parent": "bone385",
					"pivot": [-4.4, 29.5, 0],
					"rotation": [47.5, -42.5, -55],
					"cubes": [
						{"origin": [-6.4, 28.5, -1], "size": [3, 1, 1], "inflate": 0.01, "uv": [6, 0]}
					]
				},
				{
					"name": "bone387",
					"parent": "bone386",
					"pivot": [-5.4, 27.5, -1],
					"cubes": [
						{"origin": [-5.4, 26.5, 0], "size": [2, 3, 0], "uv": [10, 13]},
						{"origin": [-5.4, 26.5, 0.0095], "size": [2, 3, 0], "uv": [6, 13]},
						{"origin": [-8.4, 26, 0], "size": [3, 4, 0], "uv": [0, 4]},
						{"origin": [-8.4, 26, 0.0095], "size": [3, 4, 0], "uv": [0, 0]}
					]
				},
				{
					"name": "bone388",
					"parent": "bone387",
					"pivot": [-8.4, 28, 0],
					"rotation": [0, -15, 0],
					"cubes": [
						{"origin": [-11.4, 26.5, 0], "size": [3, 3, 0], "uv": [0, 12]},
						{"origin": [-11.4, 26.5, 0.0095], "size": [3, 3, 0], "uv": [8, 10]}
					]
				}
			]
		}
	]
},
	"texture": "moreplayermodels:textures/faun.png",
	"body_part": "head",
	"menu": "CORVUS_Ears",
	"parent":"moreplayermodels:parts/corvus_head/faun_ears1.json",
	"preview_rotation": 315,
	"translate": [0, 12, 0],
	"scale": [1.0, 1.0, 1.0],
	"rotate_offset": [0, -12, 0.0],
	"rotate": [0.0, 0, 0.0],
	"can_use_player_skin" : true,
	"author": "nymphbat"
}