{
	"name": "Bug_Feelers",
	"render_type": "bedrock",
	"hidden_parts": [],
	"render_data" : {
	"format_version": "1.12.0",
	"minecraft:geometry": [
		{
			"description": {
				"identifier": "geometry.unknown",
				"texture_width": 16,
				"texture_height": 16,
				"visible_bounds_width": 2,
				"visible_bounds_height": 3.5,
				"visible_bounds_offset": [0, 1.25, 0]
			},
			"bones": [
				{
					"name": "feelers_nose",
					"pivot": [0, 0, 0]
				},
				{
					"name": "bone356",
					"parent": "feelers_nose",
					"pivot": [1, 0, 0]
				},
				{
					"name": "bone357",
					"parent": "bone356",
					"pivot": [1.5, 26.3, -4],
					"rotation": [-35, -5, -45],
					"cubes": [
						{"origin": [1.5, 24.3, -4], "size": [1, 2, 0], "uv": [4, 2]}
					]
				},
				{
					"name": "bone358",
					"parent": "bone357",
					"pivot": [1.5, 24.3, -4],
					"rotation": [27.5, 0, 0],
					"cubes": [
						{"origin": [1.5, 21.3, -4], "size": [1, 3, 0], "uv": [2, 3]}
					]
				},
				{
					"name": "bone359",
					"parent": "bone358",
					"pivot": [1.5, 21.3, -4],
					"rotation": [40, 0, 0],
					"cubes": [
						{"origin": [1.5, 18.3, -4], "size": [1, 3, 0], "uv": [0, 3]}
					]
				},
				{
					"name": "bone360",
					"parent": "feelers_nose",
					"pivot": [-1, 0, 0]
				},
				{
					"name": "bone361",
					"parent": "bone360",
					"pivot": [-1.5, 26.3, -4],
					"rotation": [-35, 5, 45],
					"cubes": [
						{"origin": [-2.5, 24.3, -4], "size": [1, 2, 0], "uv": [4, 0]}
					]
				},
				{
					"name": "bone362",
					"parent": "bone361",
					"pivot": [-1.5, 24.3, -4],
					"rotation": [27.5, 0, 0],
					"cubes": [
						{"origin": [-2.5, 21.3, -4], "size": [1, 3, 0], "uv": [2, 0]}
					]
				},
				{
					"name": "bone363",
					"parent": "bone362",
					"pivot": [-1.5, 21.3, -4],
					"rotation": [40, 0, 0],
					"cubes": [
						{"origin": [-2.5, 18.3, -4], "size": [1, 3, 0], "uv": [0, 0]}
					]
				}
			]
		}
	]
},
	"texture": "moreplayermodels:textures/feelers2.png",
	"body_part": "head",
	"menu": "CORVUS_Head",
	"parent":"moreplayermodels:parts/corvus_head/feelers_1.json",
	"preview_rotation": 315,
	"translate": [0, 12, 0],
	"scale": [1.0, 1.0, 1.0],
	"rotate_offset": [0, -12, 0.0],
	"rotate": [0.0, 0, 0.0],
	"can_use_player_skin" : true,
	"author": "nymphbat"
}