{
	"name": "Muzzle",
	"render_type": "bedrock",
	"hidden_parts": [],
	"render_data" : {
	"format_version": "1.12.0",
	"minecraft:geometry": [
		{
			"description": {
				"identifier": "geometry.unknown",
				"texture_width": 16,
				"texture_height": 16,
				"visible_bounds_width": 2,
				"visible_bounds_height": 3.5,
				"visible_bounds_offset": [0, 1.25, 0]
			},
			"bones": [
				{
					"name": "muzzle2",
					"pivot": [0, 0, 0]
				},
				{
					"name": "bone71",
					"parent": "muzzle2",
					"pivot": [0, 24, -4],
					"rotation": [40, 0, 0],
					"cubes": [
						{"origin": [-2, 24, -4], "size": [4, 2, 2], "inflate": 0.001, "uv": [0, 0]}
					]
				},
				{
					"name": "bone72",
					"parent": "bone71",
					"pivot": [0, 24, -4],
					"cubes": [
						{"origin": [-1, 25, -4], "size": [2, 2, 1], "inflate": 0.025, "uv": [0, 4]}
					]
				},
				{
					"name": "bone73",
					"parent": "bone72",
					"pivot": [0, 27, -4],
					"rotation": [-30, 0, 0],
					"cubes": [
						{"origin": [-0.5, 27, -4], "size": [1, 1, 1], "inflate": 0.02, "uv": [6, 4]}
					]
				},
				{
					"name": "bone74",
					"parent": "bone73",
					"pivot": [0, 27.5, -4],
					"rotation": [-30, 0, 0]
				}
			]
		}
	]
},
	"texture": "moreplayermodels:textures/muzzle2.png",
	"body_part": "head",
	"menu": "CORVUS_Head",
	"parent":"moreplayermodels:parts/corvus_head/muzzle1.json",
	"preview_rotation": 315,
	"translate": [0, 12, 0],
	"scale": [1.0, 1.0, 1.0],
	"rotate_offset": [0, -12, 0.0],
	"rotate": [0.0, 0, 0.0],
	"can_use_player_skin" : true,
	"author": "nymphbat"
}