{
	"name": "Saber_Teeth",
	"render_type": "bedrock",
	"hidden_parts": [],
	"render_data" : {
	"format_version": "1.12.0",
	"minecraft:geometry": [
		{
			"description": {
				"identifier": "geometry.unknown",
				"texture_width": 16,
				"texture_height": 16,
				"visible_bounds_width": 2,
				"visible_bounds_height": 3.5,
				"visible_bounds_offset": [0, 1.25, 0]
			},
			"bones": [
				{
					"name": "teeth",
					"pivot": [0, 0, 0]
				},
				{
					"name": "bone39",
					"parent": "teeth",
					"pivot": [1.5, 24.5, -4],
					"rotation": [7.5, 0, -5],
					"cubes": [
						{"origin": [1, 22.5, -4], "size": [1, 2, 1], "uv": [0, 3]}
					]
				},
				{
					"name": "bone44",
					"parent": "teeth",
					"pivot": [-1.5, 24.5, -4],
					"rotation": [7.5, 0, 5],
					"cubes": [
						{"origin": [-2, 22.5, -4], "size": [1, 2, 1], "uv": [0, 0]}
					]
				}
			]
		}
	]
	},
	"texture": "moreplayermodels:textures/teeth.png",
	"body_part": "head",
	"menu": "CORVUS_Head",
	"preview_rotation": 315,
	"translate": [0, 12, 0],
	"scale": [1.0, 1.0, 1.0],
	"rotate_offset": [0, -12, 0.0],
	"rotate": [0.0, 0, 0.0],
	"can_use_player_skin" : true,
	"author": "nymphbat"
}