{
	"name": "Tentacle_Mouth",
	"render_type": "bedrock",
	"hidden_parts": [],
	"render_data" : {
	"format_version": "1.12.0",
	"minecraft:geometry": [
		{
			"description": {
				"identifier": "geometry.unknown",
				"texture_width": 16,
				"texture_height": 16,
				"visible_bounds_width": 2,
				"visible_bounds_height": 3.5,
				"visible_bounds_offset": [0, 1.25, 0]
			},
			"bones": [
				{
					"name": "illithid",
					"pivot": [0, 0, 0]
				},
				{
					"name": "bone295",
					"parent": "illithid",
					"pivot": [1, 25, -3.5],
					"rotation": [-30, 0, 0]
				},
				{
					"name": "bone296",
					"parent": "bone295",
					"pivot": [1.75, 25, -3],
					"rotation": [0, 0, -15],
					"cubes": [
						{"origin": [1.25, 23, -4], "size": [1, 2, 1], "inflate": 0.175, "uv": [10, 7]}
					]
				},
				{
					"name": "bone297",
					"parent": "bone296",
					"pivot": [1.25, 23, -4],
					"rotation": [15, 0, -15],
					"cubes": [
						{"origin": [1.25, 21, -4], "size": [1, 2, 1], "inflate": 0.1, "uv": [10, 4]}
					]
				},
				{
					"name": "bone298",
					"parent": "bone297",
					"pivot": [1.25, 21, -4],
					"rotation": [15, 0, -15],
					"cubes": [
						{"origin": [1.25, 19, -4], "size": [1, 2, 1], "uv": [10, 0]}
					]
				},
				{
					"name": "bone299",
					"parent": "bone295",
					"pivot": [0.75, 25, -3.5],
					"rotation": [-10, 0, -5],
					"cubes": [
						{"origin": [0.25, 23, -4.5], "size": [1, 2, 1], "inflate": 0.175, "uv": [0, 10]}
					]
				},
				{
					"name": "bone300",
					"parent": "bone299",
					"pivot": [0.25, 23, -4.5],
					"rotation": [15, 0, -5],
					"cubes": [
						{"origin": [0.25, 21, -4.5], "size": [1, 2, 1], "inflate": 0.1, "uv": [7, 9]}
					]
				},
				{
					"name": "bone301",
					"parent": "bone300",
					"pivot": [0.25, 21, -4.5],
					"rotation": [15, 0, -15],
					"cubes": [
						{"origin": [0.25, 18, -4.5], "size": [1, 3, 1], "uv": [3, 3]}
					]
				},
				{
					"name": "bone302",
					"parent": "illithid",
					"pivot": [-1, 25, -3.5],
					"rotation": [-30, 0, 0]
				},
				{
					"name": "bone303",
					"parent": "bone302",
					"pivot": [-1.75, 25, -3],
					"rotation": [0, 0, 15],
					"cubes": [
						{"origin": [-2.25, 23, -4], "size": [1, 2, 1], "inflate": 0.175, "uv": [3, 8]}
					]
				},
				{
					"name": "bone304",
					"parent": "bone303",
					"pivot": [-1.25, 23, -4],
					"rotation": [15, 0, 15],
					"cubes": [
						{"origin": [-2.25, 21, -4], "size": [1, 2, 1], "inflate": 0.1, "uv": [7, 2]}
					]
				},
				{
					"name": "bone305",
					"parent": "bone304",
					"pivot": [-1.25, 21, -4],
					"rotation": [15, 0, 15],
					"cubes": [
						{"origin": [-2.25, 19, -4], "size": [1, 2, 1], "uv": [6, 6]}
					]
				},
				{
					"name": "bone306",
					"parent": "bone302",
					"pivot": [-0.75, 25, -3.5],
					"rotation": [-10, 0, 5],
					"cubes": [
						{"origin": [-1.25, 23, -4.5], "size": [1, 2, 1], "inflate": 0.175, "uv": [0, 6]}
					]
				},
				{
					"name": "bone307",
					"parent": "bone306",
					"pivot": [-0.25, 23, -4.5],
					"rotation": [15, 0, 5],
					"cubes": [
						{"origin": [-1.25, 21, -4.5], "size": [1, 2, 1], "inflate": 0.1, "uv": [4, 0]}
					]
				},
				{
					"name": "bone308",
					"parent": "bone307",
					"pivot": [-0.25, 21, -4.5],
					"rotation": [15, 0, 15],
					"cubes": [
						{"origin": [-1.25, 18, -4.5], "size": [1, 3, 1], "uv": [0, 0]}
					]
				}
			]
		}
	]
},
	"texture": "moreplayermodels:textures/illithid.png",
	"body_part": "head",
	"menu": "CORVUS_Head",
	"preview_rotation": 315,
	"translate": [0, 12, 0],
	"scale": [1.0, 1.0, 1.0],
	"rotate_offset": [0, -12, 0.0],
	"rotate": [0.0, 0, 0.0],
	"can_use_player_skin" : true,
	"author": "nymphbat"
}