{
	"name": "feathered_wings",
	"render_type": "bedrock",
	"hidden_parts": [],
	"render_data" : {
	"format_version": "1.12.0",
	"minecraft:geometry": [
		{
			"description": {
				"identifier": "geometry.unknown",
				"texture_width": 64,
				"texture_height": 64,
				"visible_bounds_width": 4,
				"visible_bounds_height": 2.5,
				"visible_bounds_offset": [0, 0.75, 0]
			},
			"bones": [
				{
					"name": "wing_back",
					"pivot": [0, 1, 0]
				},
				{
					"name": "left",
					"parent": "wing_back",
					"pivot": [-2.5, 21, 2.5],
					"rotation": [15, -25, -10]
				},
				{
					"name": "bone47",
					"parent": "left",
					"pivot": [-2.5, 21, 2.5],
					"rotation": [-60, 0, 0],
					"cubes": [
						{"origin": [-3, 20, 2.5], "size": [1, 1, 2], "inflate": 0.25, "uv": [24, 0]},
						{"origin": [-2.49, 14, 2.5], "size": [0, 6, 7], "uv": [0, 23]},
						{"origin": [-2.485, 14, 2.5], "size": [0, 6, 7], "uv": [18, 21]}
					]
				},
				{
					"name": "bone50",
					"parent": "bone47",
					"pivot": [-3, 20, 4.5],
					"rotation": [-15, 0, 0],
					"cubes": [
						{"origin": [-3, 20, 4.5], "size": [1, 1, 3], "inflate": 0.1, "uv": [13, 5]}
					]
				},
				{
					"name": "bone51",
					"parent": "bone50",
					"pivot": [-2, 20, 7.5],
					"rotation": [125, 0, 0],
					"cubes": [
						{"origin": [-3, 20, 7.5], "size": [1, 1, 4], "inflate": 0.05, "uv": [18, 1]},
						{"origin": [-2.5, 14, 6.5], "size": [0, 6, 6], "uv": [32, 10]},
						{"origin": [-2.495, 14, 6.5], "size": [0, 6, 6], "uv": [0, 30]}
					]
				},
				{
					"name": "bone49",
					"parent": "bone51",
					"pivot": [-2.5, 21, 11.5],
					"rotation": [-90, 0, 0],
					"cubes": [
						{"origin": [-3, 20, 11.5], "size": [1, 1, 4], "uv": [12, 0]},
						{"origin": [-2.505, 14, 11.5], "size": [0, 7, 9], "uv": [18, 0]},
						{"origin": [-2.51, 14, 11.5], "size": [0, 7, 9], "uv": [0, 14]}
					]
				},
				{
					"name": "right",
					"parent": "wing_back",
					"pivot": [2.5, 21, 2.5],
					"rotation": [15, 25, 10]
				},
				{
					"name": "bone53",
					"parent": "right",
					"pivot": [2.5, 21, 2.5],
					"rotation": [-60, 0, 0],
					"cubes": [
						{"origin": [2, 20, 2.5], "size": [1, 1, 2], "inflate": 0.25, "uv": [21, 6]},
						{"origin": [2.49, 14, 2.5], "size": [0, 6, 7], "uv": [18, 15]},
						{"origin": [2.485, 14, 2.5], "size": [0, 6, 7], "uv": [18, 9]}
					]
				},
				{
					"name": "bone54",
					"parent": "bone53",
					"pivot": [3, 20, 4.5],
					"rotation": [-15, 0, 0],
					"cubes": [
						{"origin": [2, 20, 4.5], "size": [1, 1, 3], "inflate": 0.1, "uv": [0, 5]}
					]
				},
				{
					"name": "bone55",
					"parent": "bone54",
					"pivot": [2, 20, 7.5],
					"rotation": [125, 0, 0],
					"cubes": [
						{"origin": [2, 20, 7.5], "size": [1, 1, 4], "inflate": 0.05, "uv": [6, 1]},
						{"origin": [2.5, 14, 6.5], "size": [0, 6, 6], "uv": [26, 28]},
						{"origin": [2.495, 14, 6.5], "size": [0, 6, 6], "uv": [14, 28]}
					]
				},
				{
					"name": "bone56",
					"parent": "bone55",
					"pivot": [2.5, 21, 11.5],
					"rotation": [-90, 0, 0],
					"cubes": [
						{"origin": [2, 20, 11.5], "size": [1, 1, 4], "uv": [0, 0]},
						{"origin": [2.505, 14, 11.5], "size": [0, 7, 9], "uv": [0, 7]},
						{"origin": [2.51, 14, 11.5], "size": [0, 7, 9], "uv": [0, 0]}
					]
				}
			]
		}
	]
},
	"texture": "moreplayermodels:textures/backwing_feather.png",
	"body_part": "body",
	"menu": "CORVUS_Wings",
	"parent":"moreplayermodels:parts/corvus_wings/o_backwings.json",
	"animation_inherit" : "corvus_wings",
	"preview_rotation": 135,
	"translate": [0, 12, 0],
	"scale": [1.0, 1.0, 1.0],
	"rotate_offset": [0, -12, 0.0],
	"rotate": [0.0, 0, 0.0],
	"can_use_player_skin" : true,
	"author": "nymphbat"
}