{
  "type": "minecraft:entity",
  "pools": [
    {
      "rolls": 1,
      "entries": [
        {
          "type": "minecraft:item",
          "name": "minecraft:firework_rocket",
          "functions": [
            {
              "function": "set_nbt",
              "tag": "{
                Fireworks:{},      
                catenary:{
                  detect:1b,
                  sag:1.05f,
                  rope: {
                    type:\"block\",
                    EntityData:{
                      block_state: {
                        Name:\"minecraft:chain\",
                        Properties:{axis:\"z\"}
                      }
                    }
                  },
                  decorations: {
                    type:\"item\",
                    count: 8,
                    EntityData:{
                      item: {
                        Count: 1b,
                        id: \"minecraft:player_head\"
                      },
                      billboard: \"vertical\",
                      transformation: {
                        left_rotation: [0f,1f,0f,0f]
                      }
                    },
                    variations: [
                      {EntityData:{item:{tag:{SkullOwner:{Id:[I;-1676353270,-943767176,-1907401056,-446704090],Properties:{textures:[{Value:\"eyJ0ZXh0dXJlcyI6eyJTS0lOIjp7InVybCI6Imh0dHA6Ly90ZXh0dXJlcy5taW5lY3JhZnQubmV0L3RleHR1cmUvNmI0YjYyYTgwNmUyODNlZTBlMThlZGE4NmYyZTg2OWMwNDA1M2M3ODc3YmE1ZTA4OWFhNjNkMmNjZDllOGJmYSJ9fX0=\"}]}}}}}},
                      {EntityData:{item:{tag:{SkullOwner:{Id:[I;-1115759541,335826375,-1125842390,-262164035],Properties:{textures:[{Value:\"eyJ0ZXh0dXJlcyI6eyJTS0lOIjp7InVybCI6Imh0dHA6Ly90ZXh0dXJlcy5taW5lY3JhZnQubmV0L3RleHR1cmUvZjBlNDIwZjJhZWU0ZTBmOGZiNDA4ZDVlNjM0MjY0ZTQ0OWE5NjlhZjllMjQyOGUyZTRhYTE3ODNkZmNmNjg2YSJ9fX0=\"}]}}}}}},
                      {EntityData:{item:{tag:{SkullOwner:{Id:[I;-785898139,-1585557715,-1593709745,987311261],Properties:{textures:[{Value:\"eyJ0ZXh0dXJlcyI6eyJTS0lOIjp7InVybCI6Imh0dHA6Ly90ZXh0dXJlcy5taW5lY3JhZnQubmV0L3RleHR1cmUvYTk5NTc1Yjg0OTI4YTA3M2EwODdmMGY1OTFjYjAyMGZmN2UxNTM2YTQ0M2ZjZmFjNGRiZmYwMWJlNWM0M2JiNiJ9fX0=\"}]}}}}}},
                      {EntityData:{item:{tag:{SkullOwner:{Id:[I;366681554,1221608358,-2066551981,314630150],Properties:{textures:[{Value:\"eyJ0ZXh0dXJlcyI6eyJTS0lOIjp7InVybCI6Imh0dHA6Ly90ZXh0dXJlcy5taW5lY3JhZnQubmV0L3RleHR1cmUvMzg5YmFhMDQyNTk5ZDA3OTI0MTcyZDg5N2FjNDE1MTg2ZDllNWYyNTQ2ODE1MjEwMjAxZGY3YmI2MzJkYTFjNCJ9fX0=\"}]}}}}}},
                      {EntityData:{item:{tag:{SkullOwner:{Id:[I;-1671952198,1255424062,-1963559566,793798869],Properties:{textures:[{Value:\"eyJ0ZXh0dXJlcyI6eyJTS0lOIjp7InVybCI6Imh0dHA6Ly90ZXh0dXJlcy5taW5lY3JhZnQubmV0L3RleHR1cmUvYWRkOTMwY2E3MDA0NzdmYmM1ZTNhZjdjYzgwZDMyMDg0ZTQwYjI4MWI3ZmJjY2FhMDRkOGI1NTdhN2ZjMmYyOCJ9fX0=\"}]}}}}}},
                      {EntityData:{item:{tag:{SkullOwner:{Id:[I;-1115759541,335826375,-1125842390,-262164035],Properties:{textures:[{Value:\"eyJ0ZXh0dXJlcyI6eyJTS0lOIjp7InVybCI6Imh0dHA6Ly90ZXh0dXJlcy5taW5lY3JhZnQubmV0L3RleHR1cmUvZjBlNDIwZjJhZWU0ZTBmOGZiNDA4ZDVlNjM0MjY0ZTQ0OWE5NjlhZjllMjQyOGUyZTRhYTE3ODNkZmNmNjg2YSJ9fX0=\"}]}}}}}},
                      {EntityData:{item:{tag:{SkullOwner:{Id:[I;164669013,-1404354311,-1386181805,-1168846234],Properties:{textures:[{Value:\"eyJ0ZXh0dXJlcyI6eyJTS0lOIjp7InVybCI6Imh0dHA6Ly90ZXh0dXJlcy5taW5lY3JhZnQubmV0L3RleHR1cmUvMWIwOWU1YjM4NmQ0MWQ2NjAxY2I0NDI1NzJhZDMwNjMyOGUwYTI0OTljYzk0Mjg0NWNmZmJmYTEwNzBiYzgzMyJ9fX0=\"}]}}}}}},
                      {EntityData:{item:{tag:{SkullOwner:{Id:[I;668436075,774063709,-1179340293,1041359374],Properties:{textures:[{Value:\"eyJ0ZXh0dXJlcyI6eyJTS0lOIjp7InVybCI6Imh0dHA6Ly90ZXh0dXJlcy5taW5lY3JhZnQubmV0L3RleHR1cmUvMzE3ZjE0ZDYzMTkyMGJlN2VjMjIzN2M0Y2Y5YjE2MDU5NzhlN2MzZmMyMjNjZjY0YmIyMzQ4NWUyNGQ1MWY1MCJ9fX0=\"}]}}}}}}
                    ]
                  }
                }
              }"
            },
            {
              "function": "set_name",
              "name": {
                "text": "\"",
                "italic": "false",
                "extra": [
                  {
                    "text": "Catenary",
                    "bold": "true"
                  },
                  {
                    "text": "\""
                  },
                  {
                    "text": " Spelling",
                    "bold": "true"
                  }
                ]
              }
            },
            {
              "function": "set_lore",
              "lore": [
                {
                  "text": "∼𝕮𝖆𝖙𝖊𝖓𝖆𝖗𝖞∼",
                  "italic": "false",
                  "color": "dark_gray"
                },
                {
                  "text": "Rope:",
                  "italic": "false",
                  "color": "gray"
                },
                {
                  "text": "  Length: 1.05",
                  "italic": "false",
                  "color": "gray"
                },
                {
                  "text": "  Block: Chain",
                  "italic": "false",
                  "color": "light_purple"
                },
                {
                  "text": "Decorations:",
                  "italic": "false",
                  "color": "gray"
                },
                {
                  "text": "  Item: Player Head",
                  "italic": "false",
                  "color": "light_purple"
                }
              ]
            }
          ]
        }
      ]
    }
  ]
}