{
  "type": "minecraft:entity",
  "pools": [
    {
      "rolls": 1,
      "entries": [
        {
          "type": "minecraft:item",
          "name": "minecraft:firework_rocket",
          "functions": [
            {
              "function": "set_nbt",
              "tag": "{
                Fireworks:{},      
                catenary:{
                  detect: 1b,
                  sag: 1.05f,
                  rope: {
                    type: \"block\",
                    EntityData: {
                      block_state: {
                        Name: \"minecraft:chain\",
                        Properties: {axis:\"z\"}
                      }
                    }
                  },
                  decorations: {
                    type: \"item\",
                    offset: -1f,
                    spacing: 1.5f,
                    placement: \"middle\",
                    EntityData: {
                      item: {
                        Count: 1b,
                        id: \"minecraft:player_head\",
                        tag: {SkullOwner:{Id:[I;-307565869,-899857461,-1955140466,-1970268593],Properties:{textures:[{Value:\"eyJ0ZXh0dXJlcyI6eyJTS0lOIjp7InVybCI6Imh0dHA6Ly90ZXh0dXJlcy5taW5lY3JhZnQubmV0L3RleHR1cmUvMjYyODNlN2E4OGQzMjcxOTMwNGEzN2VkZTBjNmE4YzVkYzlkOWNmOWIwMGExNzljZjkwNGU4Y2U4MjEzMTIifX19\"}]}}}
                      },
                      transformation: {
                        translation: [0f,0.875f,0f],
                        scale: [1.5f,2f,1.5f]
                      },
                      brightness: {sky:15,block:15}
                    },
                    emit_light: {
                      level: 10
                    }
                  }
                }
              }"
            },
            {
              "function": "set_name",
              "name": {
                "text": "Chain with Paper Lanterns",
                "italic": "false",
                "bold": "true"
              }
            },
            {
              "function": "set_lore",
              "lore": [
                {
                  "text": "∼𝕮𝖆𝖙𝖊𝖓𝖆𝖗𝖞∼",
                  "italic": "false",
                  "color": "dark_gray"
                },
                {
                  "text": "Rope:",
                  "italic": "false",
                  "color": "gray"
                },
                {
                  "text": "  Length: 1.05",
                  "italic": "false",
                  "color": "gray"
                },
                {
                  "text": "  Block: Chain",
                  "italic": "false",
                  "color": "light_purple"
                },
                {
                  "text": "Decorations:",
                  "italic": "false",
                  "color": "gray"
                },
                {
                  "text": "  Item: Player Head",
                  "italic": "false",
                  "color": "light_purple"
                },
                {
                  "text": "  Light: 10",
                  "italic": "false",
                  "color": "yellow"
                }
              ]
            }
          ]
        }
      ]
    }
  ]
}