{
  "type": "minecraft:entity",
  "pools": [
    {
      "rolls": 1,
      "entries": [
        {
          "type": "minecraft:item",
          "name": "minecraft:firework_rocket",
          "functions": [
            {
              "function": "set_nbt",
              "tag": "{
                Fireworks:{},      
                catenary:{
                  detect:1b,
                  sag:1.05f,
                  rope: {
                    type:\"block\",
                    EntityData:{
                      block_state: {
                        Name:\"minecraft:chain\",
                        Properties:{axis:\"z\"}
                      }
                    }
                  },
                  decorations: {
                    type:\"block\",
                    offset: -1f,
                    EntityData:{
                      block_state: {
                        Name: \"minecraft:soul_lantern\",
                        Properties: {hanging: \"true\"}
                      },
                      transformation:{
                        translation: [-0.5f,0f,-0.5f]
                      },
                      brightness: {sky:15,block:15}
                    },
                    emit_light:{
                      level: 5
                    }
                  }
                }
              }"
            },
            {
              "function": "set_name",
              "name": {
                "text": "Chain with Soul Lanterns",
                "italic": "false",
                "bold": "true"
              }
            },
            {
              "function": "set_lore",
              "lore": [
                {
                  "text": "∼𝕮𝖆𝖙𝖊𝖓𝖆𝖗𝖞∼",
                  "italic": "false",
                  "color": "dark_gray"
                },
                {
                  "text": "Rope:",
                  "italic": "false",
                  "color": "gray"
                },
                {
                  "text": "  Length: 1.05",
                  "italic": "false",
                  "color": "gray"
                },
                {
                  "text": "  Block: Chain",
                  "italic": "false",
                  "color": "light_purple"
                },
                {
                  "text": "Decorations:",
                  "italic": "false",
                  "color": "gray"
                },
                {
                  "text": "  Block: Soul Lantern",
                  "italic": "false",
                  "color": "light_purple"
                },
                {
                  "text": "  Light: 5",
                  "italic": "false",
                  "color": "yellow"
                }
              ]
            }
          ]
        }
      ]
    }
  ]
}