{
  "type": "minecraft:entity",
  "pools": [
    {
      "rolls": 1,
      "entries": [
        {
          "type": "minecraft:item",
          "name": "minecraft:firework_rocket",
          "functions": [
            {
              "function": "set_nbt",
              "tag": "{
                Fireworks:{},      
                catenary:{
                  detect:1b,
                  sag:1.01f,
                  rope: {
                    type:\"block\",
                    EntityData:{
                      block_state: {
                        Name:\"minecraft:end_rod\",
                        Properties:{facing:\"north\"}
                      },
                      brightness: {sky:15,block:15}
                    }
                  },
                  decorations: {
                    type:\"none\",
                    emit_light:{
                      level: 14
                    }
                  }
                }
              }"
            },
            {
              "function": "set_name",
              "name": {
                "text": "End Rods",
                "italic": "false",
                "bold": "true"
              }
            },
            {
              "function": "set_lore",
              "lore": [
                {
                  "text": "∼𝕮𝖆𝖙𝖊𝖓𝖆𝖗𝖞∼",
                  "italic": "false",
                  "color": "dark_gray"
                },
                {
                  "text": "Rope:",
                  "italic": "false",
                  "color": "gray"
                },
                {
                  "text": "  Length: 1.01",
                  "italic": "false",
                  "color": "gray"
                },
                {
                  "text": "  Block: End Rod",
                  "italic": "false",
                  "color": "light_purple"
                },
                {
                  "text": "  Light: 14",
                  "italic": "false",
                  "color": "yellow"
                }
              ]
            }
          ]
        }
      ]
    }
  ]
}