{
  "type": "minecraft:entity",
  "pools": [
    {
      "rolls": 1,
      "entries": [
        {
          "type": "minecraft:item",
          "name": "minecraft:firework_rocket",
          "functions": [
            {
              "function": "set_nbt",
              "tag": "{
                Fireworks:{},      
                catenary:{
                  detect:1b,
                  sag:1f,
                  rope: {
                    type:\"block\",
                    scaling_axis: 1,
                    EntityData:{
                      block_state: {
                        Name:\"minecraft:iron_bars\"
                      },
                      transformation: {
                        translation: [0.5f,-0.5f,0f],
                        left_rotation: [0f,0.707f,0.707f,0f]
                      }
                    }
                  }
                }
              }"
            },
            {
              "function": "set_name",
              "name": {
                "text": "Straight Iron Bars",
                "italic": "false",
                "bold": "true"
              }
            },
            {
              "function": "set_lore",
              "lore": [
                {
                  "text": "∼𝕮𝖆𝖙𝖊𝖓𝖆𝖗𝖞∼",
                  "italic": "false",
                  "color": "dark_gray"
                },
                {
                  "text": "Rope:",
                  "italic": "false",
                  "color": "gray"
                },
                {
                  "text": "  Length: 1",
                  "italic": "false",
                  "color": "gray"
                },
                {
                  "text": "  Block: Iron Bars",
                  "italic": "false",
                  "color": "light_purple"
                }
              ]
            }
          ]
        }
      ]
    }
  ]
}