{
	"name": "Big_ear",
	"render_type": "bedrock",
	"hidden_parts": [],
	"render_data" : {
	"format_version": "1.12.0",
	"minecraft:geometry": [
		{
			"description": {
				"identifier": "geometry.unknown",
				"texture_width": 32,
				"texture_height": 32,
				"visible_bounds_width": 4,
				"visible_bounds_height": 3.5,
				"visible_bounds_offset": [0, 1.25, 0]
			},
			"bones": [
				{
					"name": "umbrant_ear3",
					"pivot": [0, 0, 0]
				},
				{
					"name": "7",
					"parent": "umbrant_ear3",
					"pivot": [4, 29, 0],
					"rotation": [22.5, -60, -15],
					"cubes": [
						{"origin": [2, 29, -1], "size": [7, 1, 1], "inflate": 0.01, "uv": [16, 20]},
						{"origin": [1, 25, 0], "size": [12, 5, 0], "pivot": [7.5, 27.5, 0], "rotation": [180, 0, 0], "uv": [0, 15]},
						{"origin": [1, 25, -0.005], "size": [12, 5, 0], "uv": [0, 10]}
					]
				},
				{
					"name": "8",
					"parent": "umbrant_ear3",
					"pivot": [-4, 29, 0],
					"rotation": [22.5, 60, 15],
					"cubes": [
						{"origin": [-9, 29, -1], "size": [7, 1, 1], "inflate": 0.01, "uv": [0, 20]},
						{"origin": [-13, 25, 0], "size": [12, 5, 0], "pivot": [-7.5, 27.5, 0], "rotation": [180, 0, 0], "uv": [0, 5]},
						{"origin": [-13, 25, -0.005], "size": [12, 5, 0], "uv": [0, 0]}
					]
				}
			]
		}
	]
},
	"texture": "moreplayermodels:textures/umbrantears1.png",
	"body_part": "head",
	"menu": "CORVUS_Ears",
	"parent":"moreplayermodels:parts/corvus_head/big_ears/umbrantears1.json",
	"preview_rotation": -45,
	"translate": [0, 12, 0],
	"scale": [1.0, 1.0, 1.0],
	"rotate_offset": [0, -12, 0.0],
	"rotate": [0.0, 0, 0.0],
	"can_use_player_skin" : true,
	"author": "nymphbat"
}