{
	"name": "Beanie Hat Stripes",
	"render_type": "bedrock",
	"hidden_parts": [none],
	"render_data" : {
	"format_version": "1.12.0",
	"minecraft:geometry": [
		{
			"description": {
				"identifier": "geometry.unknown",
				"texture_width": 64,
				"texture_height": 64,
				"visible_bounds_width": 3,
				"visible_bounds_height": 2.5,
				"visible_bounds_offset": [0, 0.75, 0]
			},
			"bones": [
				{
					"name": "beanie_up",
					"pivot": [0, 0, 0],
					"cubes": [
						{"origin": [-5, 0, -5], "size": [10, 3, 10], "inflate": 0.025, "uv": [0, 0]},
						{"origin": [-3.5, 3, -3.5], "size": [7, 3, 7], "inflate": 0.025, "pivot": [1, 0.5, 1], "rotation": [-7.5, 0, 0], "uv": [0, 27]},
						{"origin": [-1, 7.16421, 1], "size": [2, 2, 2], "inflate": 0.025, "pivot": [0, 8.16421, 2], "rotation": [-16.32495, 15.69986, 42.73421], "uv": [0, 0]},
						{"origin": [-1, 7.16421, 1], "size": [2, 2, 2], "inflate": 0.025, "pivot": [0, 8.16421, 2], "rotation": [-67.5, 0, 0], "uv": [0, 5]}
					]
				}
			]
		}
	]
},
	"texture": "moreplayermodels:textures/accessory/beanie.png",
	"body_part": "head",
	"menu": "♥ Accessories",
	"preview_rotation": -45,
	"translate": [0, -4, 0],
	"rotate_offset": [0.0, 0.0, 0.0],
	"scale": [1.05, 1.05, 1.05],
	"rotate": [0.0, 0.0, 0.0],
	"author": "Ruvy"
}