{
	"name": "Beanie Hat Stripes (Slouch Sideways)",
	"parent": "moreplayermodels:parts/accessory/beanie_stripes.json",
	"render_type": "bedrock",
	"hidden_parts": [none],
	"render_data" : {
	"format_version": "1.12.0",
	"minecraft:geometry": [
		{
			"description": {
				"identifier": "geometry.unknown",
				"texture_width": 64,
				"texture_height": 64,
				"visible_bounds_width": 3,
				"visible_bounds_height": 2.5,
				"visible_bounds_offset": [0, 0.75, 0]
			},
			"bones": [
				{
					"name": "beanie_slouch",
					"pivot": [0.25, 1.05, 0],
					"rotation": [0, 90, 0],
					"cubes": [
						{"origin": [-4.75, 1.05, -5.25], "size": [10, 3, 10], "inflate": 0.025, "pivot": [-0.25, 1.55, -0.75], "rotation": [-22.5, 0, 0], "uv": [0, 0]},
						{"origin": [-3.25, 4.05, -3.5], "size": [7, 3, 7], "inflate": 0.025, "pivot": [1.25, 1.55, 0.75], "rotation": [-37.5, 0, 0], "uv": [0, 27]},
						{"origin": [-0.75, 5.71421, 5.25], "size": [2, 2, 2], "inflate": 0.025, "pivot": [0.25, 6.71421, 6.25], "rotation": [-59.63881, 40.78947, 20.94102], "uv": [0, 0]},
						{"origin": [-0.75, 5.71421, 5.25], "size": [2, 2, 2], "inflate": 0.025, "pivot": [0.25, 6.71421, 6.25], "rotation": [-112.5, 0, 0], "uv": [0, 5]}
					]
				}
			]
		}
	]
},
	"texture": "moreplayermodels:textures/accessory/beanie.png",
	"body_part": "head",
	"menu": "♥ Accessories",
	"preview_rotation": -45,
	"translate": [0, -4, 0],
	"rotate_offset": [0.0, 0.0, 0.0],
	"scale": [1.05, 1.05, 1.05],
	"rotate": [0.0, 0.0, 0.0],
	"author": "Ruvy"
}