{
	"name": "Cottage Witch Hat",
	"render_type": "bedrock",
	"hidden_parts": [none],
	"render_data" : {
	"format_version": "1.12.0",
	"minecraft:geometry": [
		{
			"description": {
				"identifier": "geometry.steve",
				"texture_width": 128,
				"texture_height": 128,
				"visible_bounds_width": 4,
				"visible_bounds_height": 4.5,
				"visible_bounds_offset": [0, 1.75, 0]
			},
			"bones": [
				{
					"name": "brim",
					"pivot": [-0.50054, 32.21659, 0.91297],
					"cubes": [
						{"origin": [-0.50054, 31.92725, -11.78363], "size": [12, 0, 5], "pivot": [-0.50054, 32.21659, 0.91297], "rotation": [1.74643, -43.07952, 2.01082], "uv": [39, 21]},
						{"origin": [-0.50054, 26.56968, 6.15069], "size": [12, 0, 5], "pivot": [-0.50054, 32.21659, 0.91297], "rotation": [1.74643, -43.07952, 2.01082], "uv": [39, 15]},
						{"origin": [-12.5, 29.00384, -6.08719], "size": [12, 0, 14], "pivot": [-0.5, 32.21659, 0.91243], "rotation": [-20.75357, -43.07952, 2.01082], "uv": [0, 15]},
						{"origin": [-0.5, 29.00384, -6.08719], "size": [12, 0, 14], "pivot": [-0.5, 32.21659, 0.91243], "rotation": [-20.75357, -43.07952, 2.01082], "uv": [0, 0]},
						{"origin": [-12.50054, 26.56968, 6.15069], "size": [12, 0, 5], "pivot": [-0.50054, 32.21659, 0.91297], "rotation": [1.74643, -43.07952, 2.01082], "uv": [39, 0]},
						{"origin": [-12.50054, 31.92725, -11.78363], "size": [12, 0, 5], "pivot": [-0.50054, 32.21659, 0.91297], "rotation": [1.74643, -43.07952, 2.01082], "uv": [39, 6]}
					]
				},
				{
					"name": "top",
					"pivot": [-0.80736, 33.603, 5.7911],
					"cubes": [
						{"origin": [-1.31415, 39.31209, 5.71585], "size": [0, 10, 1], "pivot": [-2.81415, 35.34203, 9.88685], "rotation": [179.71938, -19.45704, -0.87357], "uv": [0, 15]},
						{"origin": [-1.31415, 46.31209, -0.28415], "size": [0, 7, 7], "pivot": [-2.81415, 35.34203, 9.88685], "rotation": [179.71938, -19.45704, -0.87357], "uv": [32, 59]},
						{"origin": [-5.5, 29.00384, -4.08719], "size": [10, 3, 10], "pivot": [-0.5, 32.21659, 0.91243], "rotation": [-15, 0, -12.5], "uv": [0, 30]},
						{"origin": [-5.30736, 29.17647, -2.16705], "size": [9, 3, 9], "pivot": [-0.80736, 33.603, 5.7911], "rotation": [-25, 0, -12.5], "uv": [32, 35]},
						{"origin": [-4.30736, 30.42418, -0.06075], "size": [7, 3, 7], "pivot": [-0.80736, 33.603, 5.7911], "rotation": [-40, 0, -12.5], "uv": [0, 44]},
						{"origin": [-3.40736, 31.47553, 2.59302], "size": [5, 4, 5], "pivot": [-0.90736, 34.303, 6.5911], "rotation": [-58.91518, -4.88119, -12.54624], "uv": [29, 48]},
						{"origin": [-2.40736, 32.87601, 4.97207], "size": [3, 4, 3], "pivot": [-0.90736, 34.503, 7.5911], "rotation": [-81.68086, -14.63639, -7.92638], "uv": [0, 0]},
						{"origin": [-1.90736, 33.74857, 5.63645], "size": [2, 4, 2], "pivot": [-0.90736, 34.003, 8.5911], "rotation": [-111.32025, -17.11222, -5.52504], "uv": [0, 7]},
						{"origin": [-1.40736, 32.97306, 4.9201], "size": [1, 4, 1], "pivot": [-0.90736, 33.003, 9.0911], "rotation": [-152.78062, -19.45704, -0.87357], "uv": [9, 7]}
					]
				},
				{
					"name": "decor",
					"pivot": [5.9805, 33.31359, -5.64783],
					"cubes": [
						{"origin": [-0.77836, 32.18864, -4.24919], "size": [6, 9, 0], "pivot": [5.22164, 33.68864, -5.74919], "rotation": [-10.87499, -29.18861, -1.53312], "uv": [0, 55]},
						{"origin": [-0.8861, 31.88789, -13.67806], "size": [6, 0, 9], "pivot": [5.1139, 33.38789, -6.17806], "rotation": [1.25959, -16.71789, -0.60167], "uv": [-9, 65]},
						{"origin": [5.66851, 32.17905, -3.87136], "size": [6, 9, 0], "pivot": [5.66851, 33.67905, -5.37136], "rotation": [-15.21873, -51.13743, 5.0744], "uv": [13, 55]},
						{"origin": [5.9805, 31.81359, -13.14783], "size": [6, 0, 9], "pivot": [5.9805, 33.31359, -5.64783], "rotation": [-0.21873, -51.13743, 5.0744], "uv": [4, 65]}
					]
				}
			]
		}
	]
},
	"texture": "moreplayermodels:textures/accessory/cottage_witch_hat.png",
	"body_part": "head",
	"menu": "♥ Accessories",
	"preview_rotation": -45,
	"translate": [0, 26.5, -0.5],
	"rotate_offset": [0.0, 0.0, 0.0],
	"scale": [1.075, 1.075, 1.075],
	"rotate": [0.0, 0.0, 0.0],
	"author": "Ruvy"
}