{
	"name": "Scarf Base",
	"render_type": "bedrock",
	"hidden_parts": [none],
	"render_data" : {
	"format_version": "1.12.0",
	"minecraft:geometry": [
		{
			"description": {
				"identifier": "geometry.steve",
				"texture_width": 64,
				"texture_height": 64,
				"visible_bounds_width": 2,
				"visible_bounds_height": 3.5,
				"visible_bounds_offset": [0, 1.25, 0]
			},
			"bones": [
				{
					"name": "loops",
					"pivot": [0, 24, 0],
					"cubes": [
						{"origin": [-5, 21, -4], "size": [10, 4, 5], "pivot": [0, 23, 0], "rotation": [22.5, 0, 0], "uv": [0, 9]},
						{"origin": [-5, 20.61732, -0.7591], "size": [10, 4, 5], "inflate": -0.025, "pivot": [0, 22.61732, 1.2409], "rotation": [-22.5, 0, 0], "uv": [0, 0]},
						{"origin": [-5, 20.36732, -0.29016], "size": [10, 3, 5], "inflate": 0.125, "pivot": [0, 22.36732, 1.70984], "rotation": [-22.5, 0, 0], "uv": [25, 4]},
						{"origin": [-5, 20.36732, -4.38267], "size": [10, 3, 5], "inflate": 0.15, "pivot": [0, 22.36732, -1.38267], "rotation": [22.5, 0, 0], "uv": [0, 18]}
					]
				},
				{
					"name": "tails",
					"parent": "loops",
					"pivot": [2.5, 23, -3],
					"cubes": [
						{"origin": [0, 17.81703, -4.96088], "size": [4, 6, 2], "uv": [12, 26]},
						{"origin": [0.5, 14, -3], "size": [4, 7, 2], "uv": [0, 26]},
						{"origin": [0, 15.81703, -4.46088], "size": [4, 2, 1], "uv": [25, 18]},
						{"origin": [0.5, 12, -2.5], "size": [4, 2, 1], "uv": [25, 0]}
					]
				}
			]
		}
	]
},
	"texture": "moreplayermodels:textures/accessory/scarf_base.png",
	"body_part": "body",
	"menu": "♥ Accessories",
	"preview_rotation": -45,
	"translate": [0, 21.5, -0.5],
	"scale": [0.9, 0.9, 0.9],
	"rotate_offset": [0, 0, 0.0],
	"rotate": [0.0, 0, 0.0],
	"author": "Ruvy"
}