{
  "parent": "catenary:trigger/root",
  "criteria": {
    "use_not_on_studio_base": {
      "trigger": "minecraft:item_used_on_block",
      "conditions": {
        "location": [
          {
            "condition": "minecraft:match_tool",
            "predicate": {
              "items": [
                "minecraft:firework_rocket"
              ],
              "nbt": "{catenary:{detect:1b}}"
            }
          },
          {
            "condition": "inverted",
            "term": {
              "condition": "minecraft:location_check",
              "predicate": {
                "block": {
                  "tag": "catenary:studio_base"
                }
              }
            }
          }
        ]
      }
    },
    "use_on_studio_base": {
      "trigger": "minecraft:item_used_on_block",
      "conditions": {
        "location": [
          {
            "condition": "minecraft:match_tool",
            "predicate": {
              "items": [
                "minecraft:firework_rocket"
              ],
              "nbt": "{catenary:{detect:1b}}"
            }
          },
          {
            "condition": "minecraft:location_check",
            "predicate": {
              "block": {
                "tag": "catenary:studio_base"
              }
            }
          }
        ]
      }
    }
  },
  "requirements": [
    [
      "use_not_on_studio_base",
      "use_on_studio_base"
    ]
  ],
  "rewards": {
    "function": "catenary:rocket/api/use"
  }
}