{
	"name": "big_mossy_antlers",
	"render_type": "bedrock",
	"hidden_parts": [],
	"render_data" : {
	"format_version": "1.12.0",
	"minecraft:geometry": [
		{
			"description": {
				"identifier": "geometry.unknown",
				"texture_width": 32,
				"texture_height": 32,
				"visible_bounds_width": 3,
				"visible_bounds_height": 4.5,
				"visible_bounds_offset": [0, 1.75, 0]
			},
			"bones": [
				{
					"name": "antlers_big_green",
					"pivot": [0, 0, 0]
				},
				{
					"name": "bone180",
					"parent": "antlers_big_green",
					"pivot": [3.5, 34, -0.5]
				},
				{
					"name": "left6",
					"parent": "bone180",
					"pivot": [3.5, 32, -0.5],
					"rotation": [0, 0, 15],
					"cubes": [
						{"origin": [3, 32, -1], "size": [1, 2, 1], "inflate": 0.01, "uv": [12, 14]}
					]
				},
				{
					"name": "bone181",
					"parent": "left6",
					"pivot": [4, 34, 0],
					"rotation": [15, 0, 0],
					"cubes": [
						{"origin": [3, 34, -3], "size": [1, 1, 5], "uv": [5, 8]}
					]
				},
				{
					"name": "bone182",
					"parent": "bone181",
					"pivot": [3.5, 34, 0.5],
					"rotation": [27.5, 0, 0],
					"cubes": [
						{"origin": [3, 34, 0.5], "size": [1, 3, 1], "inflate": 0.01, "uv": [18, 4]}
					]
				},
				{
					"name": "bone183",
					"parent": "bone181",
					"pivot": [4, 34, 2],
					"rotation": [0, -35, 0],
					"cubes": [
						{"origin": [3, 34, 2], "size": [1, 1, 4], "inflate": 0.01, "uv": [6, 15]}
					]
				},
				{
					"name": "bone191",
					"parent": "bone183",
					"pivot": [3, 34, 6],
					"cubes": [
						{"origin": [3.5, 31, 2], "size": [0, 3, 4], "uv": [0, 12]}
					]
				},
				{
					"name": "bone184",
					"parent": "bone183",
					"pivot": [4, 34, 6],
					"rotation": [47.5, 0, 0],
					"cubes": [
						{"origin": [3, 34, 6], "size": [1, 1, 4], "uv": [13, 13]}
					]
				},
				{
					"name": "bone192",
					"parent": "bone184",
					"pivot": [3, 34, 9],
					"cubes": [
						{"origin": [3.5, 31, 5], "size": [0, 3, 5], "uv": [0, 5]}
					]
				},
				{
					"name": "bone185",
					"parent": "bone184",
					"pivot": [3, 34, 8],
					"rotation": [-22.5, 0, 0],
					"cubes": [
						{"origin": [3, 34, 7], "size": [1, 3, 1], "inflate": 0.01, "uv": [16, 0]}
					]
				},
				{
					"name": "bone186",
					"parent": "bone185",
					"pivot": [3, 37, 8],
					"rotation": [40, 0, 0],
					"cubes": [
						{"origin": [3, 37, 7], "size": [1, 3, 1], "uv": [12, 8]}
					]
				},
				{
					"name": "bone196",
					"parent": "bone186",
					"pivot": [3, 37, 7],
					"cubes": [
						{"origin": [3.5, 37, 4], "size": [0, 4, 4], "uv": [10, 0]}
					]
				},
				{
					"name": "bone187",
					"parent": "bone184",
					"pivot": [4, 34, 10],
					"rotation": [47.5, 0, 0],
					"cubes": [
						{"origin": [3, 34, 10], "size": [1, 1, 4], "inflate": 0.01, "uv": [12, 8]}
					]
				},
				{
					"name": "bone193",
					"parent": "bone187",
					"pivot": [3, 34, 14],
					"cubes": [
						{"origin": [3.5, 32, 9], "size": [0, 2, 5], "uv": [0, 9]}
					]
				},
				{
					"name": "bone188",
					"parent": "bone187",
					"pivot": [4, 34, 14],
					"rotation": [47.5, 0, 0],
					"cubes": [
						{"origin": [3, 34, 14], "size": [1, 1, 4], "uv": [0, 0]}
					]
				},
				{
					"name": "bone195",
					"parent": "bone188",
					"pivot": [4, 31, 14],
					"cubes": [
						{"origin": [3.5, 33, 14], "size": [0, 5, 5], "uv": [0, 0]}
					]
				},
				{
					"name": "bone189",
					"parent": "bone181",
					"pivot": [4, 34, -3],
					"rotation": [0, 35, 0],
					"cubes": [
						{"origin": [3, 34, -5], "size": [1, 1, 2], "inflate": 0.01, "uv": [10, 1]}
					]
				},
				{
					"name": "bone197",
					"parent": "bone189",
					"pivot": [4, 34, -4],
					"cubes": [
						{"origin": [3.5, 33, -5], "size": [0, 2, 2], "uv": [0, 0]}
					]
				},
				{
					"name": "bone190",
					"parent": "bone189",
					"pivot": [4, 34, -5],
					"rotation": [-50, 0, 0],
					"cubes": [
						{"origin": [3, 34, -7], "size": [1, 1, 2], "uv": [6, 0]}
					]
				},
				{
					"name": "bone198",
					"parent": "bone190",
					"pivot": [4, 34, -5],
					"cubes": [
						{"origin": [3.5, 32, -8], "size": [0, 3, 3], "uv": [0, 16]}
					]
				},
				{
					"name": "bone6",
					"parent": "antlers_big_green",
					"pivot": [-3.5, 34, -0.5]
				},
				{
					"name": "right6",
					"parent": "bone6",
					"pivot": [-3.5, 32, -0.5],
					"rotation": [0, 0, -15],
					"cubes": [
						{"origin": [-4, 32, -1], "size": [1, 2, 1], "inflate": 0.01, "uv": [12, 14], "mirror": true}
					]
				},
				{
					"name": "bone8",
					"parent": "right6",
					"pivot": [-4, 34, 0],
					"rotation": [15, 0, 0],
					"cubes": [
						{"origin": [-4, 34, -3], "size": [1, 1, 5], "uv": [5, 8], "mirror": true}
					]
				},
				{
					"name": "bone11",
					"parent": "bone8",
					"pivot": [-3.5, 34, 0.5],
					"rotation": [27.5, 0, 0],
					"cubes": [
						{"origin": [-4, 34, 0.5], "size": [1, 3, 1], "inflate": 0.01, "uv": [18, 4], "mirror": true}
					]
				},
				{
					"name": "bone13",
					"parent": "bone8",
					"pivot": [-4, 34, 2],
					"rotation": [0, 35, 0],
					"cubes": [
						{"origin": [-4, 34, 2], "size": [1, 1, 4], "inflate": 0.01, "uv": [6, 15], "mirror": true}
					]
				},
				{
					"name": "bone15",
					"parent": "bone13",
					"pivot": [-3, 34, 6],
					"cubes": [
						{"origin": [-3.5, 31, 2], "size": [0, 3, 4], "uv": [0, 12], "mirror": true}
					]
				},
				{
					"name": "bone17",
					"parent": "bone13",
					"pivot": [-4, 34, 6],
					"rotation": [47.5, 0, 0],
					"cubes": [
						{"origin": [-4, 34, 6], "size": [1, 1, 4], "uv": [13, 13], "mirror": true}
					]
				},
				{
					"name": "bone19",
					"parent": "bone17",
					"pivot": [-3, 34, 9],
					"cubes": [
						{"origin": [-3.5, 31, 5], "size": [0, 3, 5], "uv": [0, 5], "mirror": true}
					]
				},
				{
					"name": "bone20",
					"parent": "bone17",
					"pivot": [-3, 34, 8],
					"rotation": [-22.5, 0, 0],
					"cubes": [
						{"origin": [-4, 34, 7], "size": [1, 3, 1], "inflate": 0.01, "uv": [16, 0], "mirror": true}
					]
				},
				{
					"name": "bone21",
					"parent": "bone20",
					"pivot": [-3, 37, 8],
					"rotation": [40, 0, 0],
					"cubes": [
						{"origin": [-4, 37, 7], "size": [1, 3, 1], "uv": [12, 8], "mirror": true}
					]
				},
				{
					"name": "bone22",
					"parent": "bone21",
					"pivot": [-3, 37, 7],
					"cubes": [
						{"origin": [-3.5, 37, 4], "size": [0, 4, 4], "uv": [10, 0], "mirror": true}
					]
				},
				{
					"name": "bone23",
					"parent": "bone17",
					"pivot": [-4, 34, 10],
					"rotation": [47.5, 0, 0],
					"cubes": [
						{"origin": [-4, 34, 10], "size": [1, 1, 4], "inflate": 0.01, "uv": [12, 8], "mirror": true}
					]
				},
				{
					"name": "bone24",
					"parent": "bone23",
					"pivot": [-3, 34, 14],
					"cubes": [
						{"origin": [-3.5, 32, 9], "size": [0, 2, 5], "uv": [0, 9], "mirror": true}
					]
				},
				{
					"name": "bone25",
					"parent": "bone23",
					"pivot": [-4, 34, 14],
					"rotation": [47.5, 0, 0],
					"cubes": [
						{"origin": [-4, 34, 14], "size": [1, 1, 4], "uv": [0, 0], "mirror": true}
					]
				},
				{
					"name": "bone26",
					"parent": "bone25",
					"pivot": [-4, 31, 14],
					"cubes": [
						{"origin": [-3.5, 33, 14], "size": [0, 5, 5], "uv": [0, 0], "mirror": true}
					]
				},
				{
					"name": "bone27",
					"parent": "bone8",
					"pivot": [-4, 34, -3],
					"rotation": [0, -35, 0],
					"cubes": [
						{"origin": [-4, 34, -5], "size": [1, 1, 2], "inflate": 0.01, "uv": [10, 1], "mirror": true}
					]
				},
				{
					"name": "bone28",
					"parent": "bone27",
					"pivot": [-4, 34, -4],
					"cubes": [
						{"origin": [-3.5, 33, -5], "size": [0, 2, 2], "uv": [0, 0], "mirror": true}
					]
				},
				{
					"name": "bone29",
					"parent": "bone27",
					"pivot": [-4, 34, -5],
					"rotation": [-50, 0, 0],
					"cubes": [
						{"origin": [-4, 34, -7], "size": [1, 1, 2], "uv": [6, 0], "mirror": true}
					]
				},
				{
					"name": "bone30",
					"parent": "bone29",
					"pivot": [-4, 34, -5],
					"cubes": [
						{"origin": [-3.5, 32, -8], "size": [0, 3, 3], "uv": [0, 16], "mirror": true}
					]
				}
			]
		}
	]
	},
	"texture": "moreplayermodels:textures/plantbig_antler.png",
	"body_part": "head",
	"menu": "CORVUS_Horns",
	"parent":"moreplayermodels:parts/corvus_horns/big_antler.json",
	"preview_rotation": 315,
	"translate": [0, 12, 0],
	"scale": [1.0, 1.0, 1.0],
	"rotate_offset": [0, -12, 0.0],
	"rotate": [0.0, 0, 0.0],
	"can_use_player_skin" : true,
	"author": "nymphbat"
}