{
	"name": "Long_horns",
	"render_type": "bedrock",
	"hidden_parts": [],
	"render_data" : {
	"format_version": "1.12.0",
	"minecraft:geometry": [
		{
			"description": {
				"identifier": "geometry.unknown",
				"texture_width": 32,
				"texture_height": 32,
				"visible_bounds_width": 3,
				"visible_bounds_height": 3.5,
				"visible_bounds_offset": [0, 1.25, 0]
			},
			"bones": [
				{
					"name": "horns1",
					"pivot": [0, 0, 0]
				},
				{
					"name": "bone162",
					"parent": "horns1",
					"pivot": [3, 31, -3],
					"rotation": [0, 15, 0]
				},
				{
					"name": "bone159",
					"parent": "bone162",
					"pivot": [3, 31, -3],
					"rotation": [-30, 0, 0],
					"cubes": [
						{"origin": [2, 31, -3], "size": [2, 4, 2], "inflate": 0.25, "uv": [8, 6]}
					]
				},
				{
					"name": "bone158",
					"parent": "bone159",
					"pivot": [3, 35, -3],
					"rotation": [-30, 0, 0],
					"cubes": [
						{"origin": [2, 35, -3], "size": [2, 4, 2], "uv": [8, 0]}
					]
				},
				{
					"name": "bone160",
					"parent": "bone158",
					"pivot": [3, 39, -3],
					"rotation": [-30, 0, 0],
					"cubes": [
						{"origin": [2.5, 39, -2.5], "size": [1, 4, 1], "inflate": 0.25, "uv": [12, 12]}
					]
				},
				{
					"name": "bone161",
					"parent": "bone160",
					"pivot": [3, 43, -3],
					"rotation": [-30, 0, 0],
					"cubes": [
						{"origin": [2.5, 43, -2.5], "size": [1, 4, 1], "uv": [8, 12]}
					]
				},
				{
					"name": "bone163",
					"parent": "horns1",
					"pivot": [-3, 31, -3],
					"rotation": [0, -15, 0]
				},
				{
					"name": "bone164",
					"parent": "bone163",
					"pivot": [-3, 31, -3],
					"rotation": [-30, 0, 0],
					"cubes": [
						{"origin": [-4, 31, -3], "size": [2, 4, 2], "inflate": 0.25, "uv": [0, 6]}
					]
				},
				{
					"name": "bone165",
					"parent": "bone164",
					"pivot": [-3, 35, -3],
					"rotation": [-30, 0, 0],
					"cubes": [
						{"origin": [-4, 35, -3], "size": [2, 4, 2], "uv": [0, 0]}
					]
				},
				{
					"name": "bone166",
					"parent": "bone165",
					"pivot": [-3, 39, -3],
					"rotation": [-30, 0, 0],
					"cubes": [
						{"origin": [-3.5, 39, -2.5], "size": [1, 4, 1], "inflate": 0.25, "uv": [4, 12]}
					]
				},
				{
					"name": "bone167",
					"parent": "bone166",
					"pivot": [-3, 43, -3],
					"rotation": [-30, 0, 0],
					"cubes": [
						{"origin": [-3.5, 43, -2.5], "size": [1, 4, 1], "uv": [0, 12]}
					]
				}
			]
		}
	]
},
	"texture": "moreplayermodels:textures/horns1.png",
	"body_part": "head",
	"menu": "CORVUS_Horns",
	"preview_rotation": 315,
	"translate": [0, 12, 0],
	"scale": [1.0, 1.0, 1.0],
	"rotate_offset": [0, -12, 0.0],
	"rotate": [0.0, 0, 0.0],
	"can_use_player_skin" : true,
	"author": "nymphbat"
}