{
	"name": "Long_horns",
	"render_type": "bedrock",
	"hidden_parts": [],
	"render_data" : {
	"format_version": "1.12.0",
	"minecraft:geometry": [
		{
			"description": {
				"identifier": "geometry.unknown",
				"texture_width": 16,
				"texture_height": 16,
				"visible_bounds_width": 3,
				"visible_bounds_height": 3.5,
				"visible_bounds_offset": [0, 1.25, 0]
			},
			"bones": [
				{
					"name": "horns2",
					"pivot": [0, 0, 0]
				},
				{
					"name": "bone173",
					"parent": "horns2",
					"pivot": [0, 28, 3],
					"rotation": [-115, 0, 55]
				},
				{
					"name": "bone168",
					"parent": "bone173",
					"pivot": [0, 28, 4],
					"rotation": [10, -47.5, 20]
				},
				{
					"name": "bone169",
					"parent": "bone168",
					"pivot": [0, 28, 4],
					"rotation": [-30, 0, 0],
					"cubes": [
						{"origin": [-1, 28, 4], "size": [2, 4, 2], "inflate": 0.25, "uv": [0, 6]}
					]
				},
				{
					"name": "bone170",
					"parent": "bone169",
					"pivot": [0, 32, 4],
					"rotation": [-45, 0, 0],
					"cubes": [
						{"origin": [-1, 32, 4], "size": [2, 4, 2], "uv": [0, 0]}
					]
				},
				{
					"name": "bone171",
					"parent": "bone170",
					"pivot": [0, 36, 4],
					"rotation": [-42.5, 0, 0],
					"cubes": [
						{"origin": [-0.5, 36, 4.5], "size": [1, 3, 1], "inflate": 0.25, "uv": [8, 4]}
					]
				},
				{
					"name": "bone172",
					"parent": "bone171",
					"pivot": [0, 39.5, 4],
					"rotation": [-42.5, 0, 0],
					"cubes": [
						{"origin": [-0.5, 39.5, 4.5], "size": [1, 3, 1], "uv": [8, 0]}
					]
				},
				{
					"name": "bone2",
					"parent": "horns2",
					"pivot": [0, 28, 3],
					"rotation": [-115, 0, -55]
				},
				{
					"name": "bone3",
					"parent": "bone2",
					"pivot": [0, 28, 4],
					"rotation": [10, 47.5, -20]
				},
				{
					"name": "bone4",
					"parent": "bone3",
					"pivot": [0, 28, 4],
					"rotation": [-30, 0, 0],
					"cubes": [
						{"origin": [-1, 28, 4], "size": [2, 4, 2], "inflate": 0.25, "uv": [0, 6], "mirror": true}
					]
				},
				{
					"name": "bone5",
					"parent": "bone4",
					"pivot": [0, 32, 4],
					"rotation": [-45, 0, 0],
					"cubes": [
						{"origin": [-1, 32, 4], "size": [2, 4, 2], "uv": [0, 0], "mirror": true}
					]
				},
				{
					"name": "bone6",
					"parent": "bone5",
					"pivot": [0, 36, 4],
					"rotation": [-42.5, 0, 0],
					"cubes": [
						{"origin": [-0.5, 36, 4.5], "size": [1, 3, 1], "inflate": 0.25, "uv": [8, 4], "mirror": true}
					]
				},
				{
					"name": "bone7",
					"parent": "bone6",
					"pivot": [0, 39.5, 4],
					"rotation": [-42.5, 0, 0],
					"cubes": [
						{"origin": [-0.5, 39.5, 4.5], "size": [1, 3, 1], "uv": [8, 0], "mirror": true}
					]
				}
			]
		}
	]
},
	"texture": "moreplayermodels:textures/horns2.png",
	"body_part": "head",
	"menu": "CORVUS_Horns",
	"preview_rotation": 315,
	"translate": [0, 12, 0],
	"scale": [1.0, 1.0, 1.0],
	"rotate_offset": [0, -12, 0.0],
	"rotate": [0.0, 0, 0.0],
	"can_use_player_skin" : true,
	"author": "nymphbat"
}