{
	"name": "medium_mossy_antler",
	"render_type": "bedrock",
	"hidden_parts": [],
	"render_data" : {
	"format_version": "1.12.0",
	"minecraft:geometry": [
		{
			"description": {
				"identifier": "geometry.unknown",
				"texture_width": 32,
				"texture_height": 32,
				"visible_bounds_width": 2,
				"visible_bounds_height": 4.5,
				"visible_bounds_offset": [0, 1.75, 0]
			},
			"bones": [
				{
					"name": "greenantlers_med",
					"pivot": [0, 0, 0]
				},
				{
					"name": "bone117",
					"parent": "greenantlers_med",
					"pivot": [3.5, 34, -0.5]
				},
				{
					"name": "left4",
					"parent": "bone117",
					"pivot": [3.5, 32, -0.5],
					"rotation": [0, 0, 15],
					"cubes": [
						{"origin": [3, 32, -1], "size": [1, 2, 1], "inflate": 0.01, "uv": [4, 12]}
					]
				},
				{
					"name": "bone118",
					"parent": "left4",
					"pivot": [4, 34, 0],
					"rotation": [15, 0, 0],
					"cubes": [
						{"origin": [3, 34, -2], "size": [1, 1, 4], "uv": [0, 5]}
					]
				},
				{
					"name": "bone119",
					"parent": "bone118",
					"pivot": [3.5, 34, 0.5],
					"rotation": [27.5, 0, 0],
					"cubes": [
						{"origin": [3, 34, 0.5], "size": [1, 2, 1], "inflate": 0.01, "uv": [0, 12]}
					]
				},
				{
					"name": "bone120",
					"parent": "bone118",
					"pivot": [4, 34, 2],
					"rotation": [0, -35, 0],
					"cubes": [
						{"origin": [3, 34, 2], "size": [1, 1, 2], "inflate": 0.01, "uv": [11, 0]},
						{"origin": [3.5, 32, 2], "size": [0, 2, 2], "uv": [0, 3]}
					]
				},
				{
					"name": "bone121",
					"parent": "bone120",
					"pivot": [4, 34, 4],
					"rotation": [47.5, 0, 0],
					"cubes": [
						{"origin": [3, 34, 4], "size": [1, 1, 4], "uv": [0, 0]},
						{"origin": [3.5, 32, 4], "size": [0, 2, 4], "uv": [0, 6]}
					]
				},
				{
					"name": "bone122",
					"parent": "bone121",
					"pivot": [3, 34, 6],
					"rotation": [-22.5, 0, 0],
					"cubes": [
						{"origin": [3, 34, 5], "size": [1, 3, 1], "inflate": 0.01, "uv": [0, 0]}
					]
				},
				{
					"name": "bone218",
					"parent": "bone122",
					"pivot": [3, 34, 6],
					"cubes": [
						{"origin": [3.5, 34, 4], "size": [0, 4, 3], "uv": [8, 7]}
					]
				},
				{
					"name": "bone124",
					"parent": "bone121",
					"pivot": [4, 34, 8],
					"rotation": [47.5, 0, 0],
					"cubes": [
						{"origin": [3, 34, 8], "size": [1, 1, 3], "inflate": 0.01, "uv": [6, 0]}
					]
				},
				{
					"name": "bone217",
					"parent": "bone124",
					"pivot": [3, 32.5, 10],
					"cubes": [
						{"origin": [3.5, 32.5, 8], "size": [0, 2, 4], "uv": [6, 1]}
					]
				},
				{
					"name": "bone126",
					"parent": "bone118",
					"pivot": [4, 34, -2],
					"rotation": [0, 35, 0],
					"cubes": [
						{"origin": [3, 34, -4], "size": [1, 1, 2], "inflate": 0.01, "uv": [10, 7]},
						{"origin": [3.5, 33, -5], "size": [0, 2, 3], "uv": [6, 4]}
					]
				},
				{
					"name": "bone18",
					"parent": "greenantlers_med",
					"pivot": [-3.5, 34, -0.5]
				},
				{
					"name": "right4",
					"parent": "bone18",
					"pivot": [-3.5, 32, -0.5],
					"rotation": [0, 0, -15],
					"cubes": [
						{"origin": [-4, 32, -1], "size": [1, 2, 1], "inflate": 0.01, "uv": [4, 12], "mirror": true}
					]
				},
				{
					"name": "bone19",
					"parent": "right4",
					"pivot": [-4, 34, 0],
					"rotation": [15, 0, 0],
					"cubes": [
						{"origin": [-4, 34, -2], "size": [1, 1, 4], "uv": [0, 5], "mirror": true}
					]
				},
				{
					"name": "bone20",
					"parent": "bone19",
					"pivot": [-3.5, 34, 0.5],
					"rotation": [27.5, 0, 0],
					"cubes": [
						{"origin": [-4, 34, 0.5], "size": [1, 2, 1], "inflate": 0.01, "uv": [0, 12], "mirror": true}
					]
				},
				{
					"name": "bone21",
					"parent": "bone19",
					"pivot": [-4, 34, 2],
					"rotation": [0, 35, 0],
					"cubes": [
						{"origin": [-4, 34, 2], "size": [1, 1, 2], "inflate": 0.01, "uv": [11, 0], "mirror": true},
						{"origin": [-3.5, 32, 2], "size": [0, 2, 2], "uv": [0, 3], "mirror": true}
					]
				},
				{
					"name": "bone22",
					"parent": "bone21",
					"pivot": [-4, 34, 4],
					"rotation": [47.5, 0, 0],
					"cubes": [
						{"origin": [-4, 34, 4], "size": [1, 1, 4], "uv": [0, 0], "mirror": true},
						{"origin": [-3.5, 32, 4], "size": [0, 2, 4], "uv": [0, 6], "mirror": true}
					]
				},
				{
					"name": "bone23",
					"parent": "bone22",
					"pivot": [-3, 34, 6],
					"rotation": [-22.5, 0, 0],
					"cubes": [
						{"origin": [-4, 34, 5], "size": [1, 3, 1], "inflate": 0.01, "uv": [0, 0], "mirror": true}
					]
				},
				{
					"name": "bone24",
					"parent": "bone23",
					"pivot": [-3, 34, 6],
					"cubes": [
						{"origin": [-3.5, 34, 4], "size": [0, 4, 3], "uv": [8, 7], "mirror": true}
					]
				},
				{
					"name": "bone25",
					"parent": "bone22",
					"pivot": [-4, 34, 8],
					"rotation": [47.5, 0, 0],
					"cubes": [
						{"origin": [-4, 34, 8], "size": [1, 1, 3], "inflate": 0.01, "uv": [6, 0], "mirror": true}
					]
				},
				{
					"name": "bone26",
					"parent": "bone25",
					"pivot": [-3, 32.5, 10],
					"cubes": [
						{"origin": [-3.5, 32.5, 8], "size": [0, 2, 4], "uv": [6, 1], "mirror": true}
					]
				},
				{
					"name": "bone27",
					"parent": "bone19",
					"pivot": [-4, 34, -2],
					"rotation": [0, -35, 0],
					"cubes": [
						{"origin": [-4, 34, -4], "size": [1, 1, 2], "inflate": 0.01, "uv": [10, 7], "mirror": true},
						{"origin": [-3.5, 33, -5], "size": [0, 2, 3], "uv": [6, 4], "mirror": true}
					]
				}
			]
		}
	]
	},
	"texture": "moreplayermodels:textures/plantmed_antler.png",
	"body_part": "head",
	"menu": "CORVUS_Horns",
	"parent":"moreplayermodels:parts/corvus_horns/med_antler.json",
	"preview_rotation": 315,
	"translate": [0, 12, 0],
	"scale": [1.0, 1.0, 1.0],
	"rotate_offset": [0, -12, 0.0],
	"rotate": [0.0, 0, 0.0],
	"can_use_player_skin" : true,
	"author": "nymphbat"
}