{
	"name": "Moth_Antannae",
	"render_type": "bedrock",
	"hidden_parts": [],
	"render_data" : {
	"format_version": "1.12.0",
	"minecraft:geometry": [
		{
			"description": {
				"identifier": "geometry.unknown",
				"texture_width": 16,
				"texture_height": 16,
				"visible_bounds_width": 2,
				"visible_bounds_height": 3.5,
				"visible_bounds_offset": [0, 1.25, 0]
			},
			"bones": [
				{
					"name": "moth",
					"pivot": [0, 0, 0]
				},
				{
					"name": "bone231",
					"parent": "moth",
					"pivot": [0, 0, 0]
				},
				{
					"name": "bone232",
					"parent": "bone231",
					"pivot": [2.5, 32, -3.5],
					"rotation": [-15, 15, 15],
					"cubes": [
						{"origin": [2, 31, -3.5], "size": [1, 4, 1], "inflate": 0.001, "uv": [0, 10]},
						{"origin": [1, 32, -3.15], "size": [3, 3, 0], "uv": [8, 8]}
					]
				},
				{
					"name": "bone233",
					"parent": "bone232",
					"pivot": [2.40237, 34.9944, -3.47909],
					"rotation": [-37.5, 0, 0],
					"cubes": [
						{"origin": [2, 35, -3.5], "size": [1, 3, 1], "uv": [8, 11]},
						{"origin": [0.5, 35, -3.25], "size": [4, 5, 0], "uv": [0, 5]}
					]
				},
				{
					"name": "bone234",
					"parent": "moth",
					"pivot": [0, 0, 0]
				},
				{
					"name": "bone235",
					"parent": "bone234",
					"pivot": [-2.5, 32, -3.5],
					"rotation": [-15, -15, -15],
					"cubes": [
						{"origin": [-3, 31, -3.5], "size": [1, 4, 1], "inflate": 0.001, "uv": [8, 3]},
						{"origin": [-4, 32, -3.15], "size": [3, 3, 0], "uv": [8, 0]}
					]
				},
				{
					"name": "bone236",
					"parent": "bone235",
					"pivot": [-2.40237, 34.9944, -3.47909],
					"rotation": [-37.5, 0, 0],
					"cubes": [
						{"origin": [-3, 35, -3.5], "size": [1, 3, 1], "uv": [4, 10]},
						{"origin": [-4.5, 35, -3.25], "size": [4, 5, 0], "uv": [0, 0]}
					]
				}
			]
		}
	]
	},
	"texture": "moreplayermodels:textures/moth_antannae.png",
	"body_part": "head",
	"menu": "CORVUS_Head",
	"preview_rotation": 315,
	"translate": [0, 12, 0],
	"scale": [1.0, 1.0, 1.0],
	"rotate_offset": [0, -12, 0.0],
	"rotate": [0.0, 0, 0.0],
	"can_use_player_skin" : true,
	"author": "nymphbat"
}