{
	"name": "small_antlers",
	"render_type": "bedrock",
	"hidden_parts": [],
	"render_data" : {
	"format_version": "1.12.0",
	"minecraft:geometry": [
		{
			"description": {
				"identifier": "geometry.unknown",
				"texture_width": 16,
				"texture_height": 16,
				"visible_bounds_width": 2,
				"visible_bounds_height": 3.5,
				"visible_bounds_offset": [0, 1.25, 0]
			},
			"bones": [
				{
					"name": "antlers_small",
					"pivot": [0, 0, 0]
				},
				{
					"name": "bone133",
					"parent": "antlers_small",
					"pivot": [3, 33.5, -0.5]
				},
				{
					"name": "left5",
					"parent": "bone133",
					"pivot": [3, 31.5, -0.5],
					"rotation": [0, 0, 15],
					"cubes": [
						{"origin": [2.5, 31.5, -1], "size": [1, 2, 1], "inflate": 0.01, "uv": [8, 8]}
					]
				},
				{
					"name": "bone134",
					"parent": "left5",
					"pivot": [3.5, 33.5, 0],
					"rotation": [15, 0, 0],
					"cubes": [
						{"origin": [2.5, 33.5, -2], "size": [1, 1, 4], "uv": [0, 0]}
					]
				},
				{
					"name": "bone135",
					"parent": "bone134",
					"pivot": [3, 33.5, 0.5],
					"rotation": [27.5, 0, 0],
					"cubes": [
						{"origin": [2.5, 33.5, 0.5], "size": [1, 2, 1], "inflate": 0.01, "uv": [0, 0]}
					]
				},
				{
					"name": "bone136",
					"parent": "bone134",
					"pivot": [3.5, 33.5, 2],
					"rotation": [0, -35, 0],
					"cubes": [
						{"origin": [2.5, 33.5, 2], "size": [1, 1, 1], "inflate": 0.01, "uv": [10, 0]}
					]
				},
				{
					"name": "bone137",
					"parent": "bone136",
					"pivot": [3.5, 33.5, 3],
					"rotation": [47.5, 0, 0],
					"cubes": [
						{"origin": [2.5, 33.5, 3], "size": [1, 1, 2], "uv": [6, 0]}
					]
				},
				{
					"name": "bone20",
					"parent": "antlers_small",
					"pivot": [-3, 33.5, -0.5]
				},
				{
					"name": "right5",
					"parent": "bone20",
					"pivot": [-3, 31.5, -0.5],
					"rotation": [0, 0, -15],
					"cubes": [
						{"origin": [-3.5, 31.5, -1], "size": [1, 2, 1], "inflate": 0.01, "uv": [8, 8], "mirror": true}
					]
				},
				{
					"name": "bone21",
					"parent": "right5",
					"pivot": [-3.5, 33.5, 0],
					"rotation": [15, 0, 0],
					"cubes": [
						{"origin": [-3.5, 33.5, -2], "size": [1, 1, 4], "uv": [0, 0], "mirror": true}
					]
				},
				{
					"name": "bone22",
					"parent": "bone21",
					"pivot": [-3, 33.5, 0.5],
					"rotation": [27.5, 0, 0],
					"cubes": [
						{"origin": [-3.5, 33.5, 0.5], "size": [1, 2, 1], "inflate": 0.01, "uv": [0, 0], "mirror": true}
					]
				},
				{
					"name": "bone23",
					"parent": "bone21",
					"pivot": [-3.5, 33.5, 2],
					"rotation": [0, 35, 0],
					"cubes": [
						{"origin": [-3.5, 33.5, 2], "size": [1, 1, 1], "inflate": 0.01, "uv": [10, 0], "mirror": true}
					]
				},
				{
					"name": "bone24",
					"parent": "bone23",
					"pivot": [-3.5, 33.5, 3],
					"rotation": [47.5, 0, 0],
					"cubes": [
						{"origin": [-3.5, 33.5, 3], "size": [1, 1, 2], "uv": [6, 0], "mirror": true}
					]
				}
			]
		}
	]
	},
	"texture": "moreplayermodels:textures/small_antler.png",
	"body_part": "head",
	"menu": "CORVUS_Horns",
	"preview_rotation": 315,
	"translate": [0, 12, 0],
	"scale": [1.0, 1.0, 1.0],
	"rotate_offset": [0, -12, 0.0],
	"rotate": [0.0, 0, 0.0],
	"can_use_player_skin" : true,
	"author": "nymphbat"
}