{
	"name": "small_mossy_antlers",
	"render_type": "bedrock",
	"hidden_parts": [],
	"render_data" : {
	"format_version": "1.12.0",
	"minecraft:geometry": [
		{
			"description": {
				"identifier": "geometry.unknown",
				"texture_width": 16,
				"texture_height": 16,
				"visible_bounds_width": 2,
				"visible_bounds_height": 3.5,
				"visible_bounds_offset": [0, 1.25, 0]
			},
			"bones": [
				{
					"name": "greenantlers_small",
					"pivot": [0, 0, 0]
				},
				{
					"name": "bone2",
					"parent": "greenantlers_small",
					"pivot": [3, 33.5, -0.5]
				},
				{
					"name": "left2",
					"parent": "bone2",
					"pivot": [3, 31.5, -0.5],
					"rotation": [0, 0, 15],
					"cubes": [
						{"origin": [2.5, 31.5, -1], "size": [1, 2, 1], "inflate": 0.01, "uv": [8, 8]}
					]
				},
				{
					"name": "bone3",
					"parent": "left2",
					"pivot": [3.5, 33.5, 0],
					"rotation": [15, 0, 0],
					"cubes": [
						{"origin": [2.5, 33.5, -2], "size": [1, 1, 4], "uv": [0, 0]},
						{"origin": [3, 32.5, -3], "size": [0, 3, 5], "uv": [0, 0]}
					]
				},
				{
					"name": "bone4",
					"parent": "bone3",
					"pivot": [3, 33.5, 0.5],
					"rotation": [27.5, 0, 0],
					"cubes": [
						{"origin": [2.5, 33.5, 0.5], "size": [1, 2, 1], "inflate": 0.01, "uv": [0, 0]}
					]
				},
				{
					"name": "bone5",
					"parent": "bone3",
					"pivot": [3.5, 33.5, 2],
					"rotation": [0, -35, 0],
					"cubes": [
						{"origin": [2.5, 33.5, 2], "size": [1, 1, 1], "inflate": 0.01, "uv": [10, 0]}
					]
				},
				{
					"name": "bone6",
					"parent": "bone5",
					"pivot": [3.5, 33.5, 3],
					"rotation": [47.5, 0, 0],
					"cubes": [
						{"origin": [2.5, 33.5, 3], "size": [1, 1, 2], "uv": [6, 0]},
						{"origin": [3, 32, 2], "size": [0, 3, 4], "uv": [0, 4]}
					]
				},
				{
					"name": "bone7",
					"parent": "left2",
					"pivot": [3.5, 33.5, 0],
					"rotation": [15, 0, 0],
					"cubes": [
						{"origin": [2.5, 33.5, -2], "size": [1, 1, 4], "uv": [0, 0]},
						{"origin": [3, 32.5, -3], "size": [0, 3, 5], "uv": [0, 0]}
					]
				},
				{
					"name": "bone8",
					"parent": "bone7",
					"pivot": [3, 33.5, 0.5],
					"rotation": [27.5, 0, 0],
					"cubes": [
						{"origin": [2.5, 33.5, 0.5], "size": [1, 2, 1], "inflate": 0.01, "uv": [0, 0]}
					]
				},
				{
					"name": "bone9",
					"parent": "bone7",
					"pivot": [3.5, 33.5, 2],
					"rotation": [0, -35, 0],
					"cubes": [
						{"origin": [2.5, 33.5, 2], "size": [1, 1, 1], "inflate": 0.01, "uv": [10, 0]}
					]
				},
				{
					"name": "bone10",
					"parent": "bone9",
					"pivot": [3.5, 33.5, 3],
					"rotation": [47.5, 0, 0],
					"cubes": [
						{"origin": [2.5, 33.5, 3], "size": [1, 1, 2], "uv": [6, 0]},
						{"origin": [3, 32, 2], "size": [0, 3, 4], "uv": [0, 4]}
					]
				},
				{
					"name": "bone11",
					"parent": "greenantlers_small",
					"pivot": [-3, 33.5, -0.5]
				},
				{
					"name": "right2",
					"parent": "bone11",
					"pivot": [-3, 31.5, -0.5],
					"rotation": [0, 0, -15],
					"cubes": [
						{"origin": [-3.5, 31.5, -1], "size": [1, 2, 1], "inflate": 0.01, "uv": [8, 8], "mirror": true}
					]
				},
				{
					"name": "bone12",
					"parent": "right2",
					"pivot": [-3.5, 33.5, 0],
					"rotation": [15, 0, 0],
					"cubes": [
						{"origin": [-3.5, 33.5, -2], "size": [1, 1, 4], "uv": [0, 0], "mirror": true},
						{"origin": [-3, 32.5, -3], "size": [0, 3, 5], "uv": [0, 0], "mirror": true}
					]
				},
				{
					"name": "bone13",
					"parent": "bone12",
					"pivot": [-3, 33.5, 0.5],
					"rotation": [27.5, 0, 0],
					"cubes": [
						{"origin": [-3.5, 33.5, 0.5], "size": [1, 2, 1], "inflate": 0.01, "uv": [0, 0], "mirror": true}
					]
				},
				{
					"name": "bone14",
					"parent": "bone12",
					"pivot": [-3.5, 33.5, 2],
					"rotation": [0, 35, 0],
					"cubes": [
						{"origin": [-3.5, 33.5, 2], "size": [1, 1, 1], "inflate": 0.01, "uv": [10, 0], "mirror": true}
					]
				},
				{
					"name": "bone15",
					"parent": "bone14",
					"pivot": [-3.5, 33.5, 3],
					"rotation": [47.5, 0, 0],
					"cubes": [
						{"origin": [-3.5, 33.5, 3], "size": [1, 1, 2], "uv": [6, 0], "mirror": true},
						{"origin": [-3, 32, 2], "size": [0, 3, 4], "uv": [0, 4], "mirror": true}
					]
				},
				{
					"name": "bone16",
					"parent": "right2",
					"pivot": [-3.5, 33.5, 0],
					"rotation": [15, 0, 0],
					"cubes": [
						{"origin": [-3.5, 33.5, -2], "size": [1, 1, 4], "uv": [0, 0], "mirror": true},
						{"origin": [-3, 32.5, -3], "size": [0, 3, 5], "uv": [0, 0], "mirror": true}
					]
				},
				{
					"name": "bone17",
					"parent": "bone16",
					"pivot": [-3, 33.5, 0.5],
					"rotation": [27.5, 0, 0],
					"cubes": [
						{"origin": [-3.5, 33.5, 0.5], "size": [1, 2, 1], "inflate": 0.01, "uv": [0, 0], "mirror": true}
					]
				},
				{
					"name": "bone18",
					"parent": "bone16",
					"pivot": [-3.5, 33.5, 2],
					"rotation": [0, 35, 0],
					"cubes": [
						{"origin": [-3.5, 33.5, 2], "size": [1, 1, 1], "inflate": 0.01, "uv": [10, 0], "mirror": true}
					]
				},
				{
					"name": "bone19",
					"parent": "bone18",
					"pivot": [-3.5, 33.5, 3],
					"rotation": [47.5, 0, 0],
					"cubes": [
						{"origin": [-3.5, 33.5, 3], "size": [1, 1, 2], "uv": [6, 0], "mirror": true},
						{"origin": [-3, 32, 2], "size": [0, 3, 4], "uv": [0, 4], "mirror": true}
					]
				}
			]
		}
	]
	},
	"texture": "moreplayermodels:textures/plantsmall_antler.png",
	"body_part": "head",
	"menu": "CORVUS_Horns",
	"parent":"moreplayermodels:parts/corvus_horns/small_antler.json",
	"preview_rotation": 315,
	"translate": [0, 12, 0],
	"scale": [1.0, 1.0, 1.0],
	"rotate_offset": [0, -12, 0.0],
	"rotate": [0.0, 0, 0.0],
	"can_use_player_skin" : true,
	"author": "nymphbat"
}