{
	"name": "Small_horns",
	"render_type": "bedrock",
	"hidden_parts": [],
	"render_data" : {
	"format_version": "1.12.0",
	"minecraft:geometry": [
		{
			"description": {
				"identifier": "geometry.unknown",
				"texture_width": 16,
				"texture_height": 16,
				"visible_bounds_width": 2,
				"visible_bounds_height": 3.5,
				"visible_bounds_offset": [0, 1.25, 0]
			},
			"bones": [
				{
					"name": "horns_small",
					"pivot": [0, 0, 0]
				},
				{
					"name": "bone376",
					"parent": "horns_small",
					"pivot": [2.5, 31.5, -3],
					"rotation": [-2.5, 15, 0],
					"cubes": [
						{"origin": [2, 31.5, -3], "size": [1, 1, 1], "inflate": 0.25, "uv": [4, 6]}
					]
				},
				{
					"name": "bone375",
					"parent": "bone376",
					"pivot": [3, 32.5, -3],
					"rotation": [-17.5, 0, 0],
					"cubes": [
						{"origin": [2, 32.5, -3], "size": [1, 2, 1], "inflate": 0.15, "uv": [4, 3]}
					]
				},
				{
					"name": "bone377",
					"parent": "bone375",
					"pivot": [3, 34.5, -3],
					"rotation": [-20, 0, 0],
					"cubes": [
						{"origin": [2, 34.5, -3], "size": [1, 2, 1], "uv": [4, 0]}
					]
				},
				{
					"name": "bone378",
					"parent": "horns_small",
					"pivot": [-2.5, 31.5, -3],
					"rotation": [-2.5, -15, 0],
					"cubes": [
						{"origin": [-3, 31.5, -3], "size": [1, 1, 1], "inflate": 0.25, "uv": [0, 6]}
					]
				},
				{
					"name": "bone379",
					"parent": "bone378",
					"pivot": [-3, 32.5, -3],
					"rotation": [-17.5, 0, 0],
					"cubes": [
						{"origin": [-3, 32.5, -3], "size": [1, 2, 1], "inflate": 0.15, "uv": [0, 3]}
					]
				},
				{
					"name": "bone380",
					"parent": "bone379",
					"pivot": [-3, 34.5, -3],
					"rotation": [-20, 0, 0],
					"cubes": [
						{"origin": [-3, 34.5, -3], "size": [1, 2, 1], "uv": [0, 0]}
					]
				}
			]
		}
	]
},
	"texture": "moreplayermodels:textures/small_horn.png",
	"body_part": "head",
	"menu": "CORVUS_Horns",
	"preview_rotation": 315,
	"translate": [0, 12, 0],
	"scale": [1.0, 1.0, 1.0],
	"rotate_offset": [0, -12, 0.0],
	"rotate": [0.0, 0, 0.0],
	"can_use_player_skin" : true,
	"author": "nymphbat"
}