{
	"name": "Unicorn",
	"render_type": "bedrock",
	"hidden_parts": [],
	"render_data" : {
	"format_version": "1.12.0",
	"minecraft:geometry": [
		{
			"description": {
				"identifier": "geometry.unknown",
				"texture_width": 16,
				"texture_height": 16,
				"visible_bounds_width": 2,
				"visible_bounds_height": 3.5,
				"visible_bounds_offset": [0, 1.25, 0]
			},
			"bones": [
				{
					"name": "unicorn",
					"pivot": [0, 0, 0]
				},
				{
					"name": "bone433",
					"parent": "unicorn",
					"pivot": [0, 30.5, -3],
					"rotation": [45, 0, 0],
					"cubes": [
						{"origin": [-0.5, 30.5, -4.5], "size": [1, 2, 1], "inflate": 0.25, "uv": [4, 3]}
					]
				},
				{
					"name": "bone434",
					"parent": "bone433",
					"pivot": [0, 32.5, -4.5],
					"rotation": [-15, 0, 0],
					"cubes": [
						{"origin": [-0.5, 32.5, -4.5], "size": [1, 2, 1], "inflate": 0.2, "uv": [4, 0]}
					]
				},
				{
					"name": "bone435",
					"parent": "bone434",
					"pivot": [0, 34.5, -4.5],
					"rotation": [-10, 0, 0],
					"cubes": [
						{"origin": [-0.5, 34.5, -4.5], "size": [1, 2, 1], "inflate": 0.125, "uv": [0, 3]}
					]
				},
				{
					"name": "bone436",
					"parent": "bone435",
					"pivot": [0, 36.5, -4.5],
					"rotation": [-10, 0, 0],
					"cubes": [
						{"origin": [-0.5, 36.5, -4.5], "size": [1, 2, 1], "uv": [0, 0]}
					]
				}
			]
		}
	]
},
	"texture": "moreplayermodels:textures/unicorn.png",
	"body_part": "head",
	"menu": "CORVUS_Horns",
	"preview_rotation": 315,
	"translate": [0, 12, 0],
	"scale": [1.0, 1.0, 1.0],
	"rotate_offset": [0, -12, 0.0],
	"rotate": [0.0, 0, 0.0],
	"can_use_player_skin" : true,
	"author": "nymphbat"
}