{
	"name": "Bug_Abdomen",
	"render_type": "bedrock",
	"hidden_parts": [],
	"render_data" : {
	"format_version": "1.12.0",
	"minecraft:geometry": [
		{
			"description": {
				"identifier": "geometry.unknown",
				"texture_width": 64,
				"texture_height": 64,
				"visible_bounds_width": 4,
				"visible_bounds_height": 2.5,
				"visible_bounds_offset": [0, 0.75, 0]
			},
			"bones": [
				{
					"name": "bug_ass",
					"pivot": [0, 0, 0]
				},
				{
					"name": "bone239",
					"parent": "bug_ass",
					"pivot": [0, 18, 2],
					"rotation": [-32.5, 0, 0],
					"cubes": [
						{"origin": [-2.5, 13, 2], "size": [5, 5, 2], "uv": [0, 23]}
					]
				},
				{
					"name": "bone240",
					"parent": "bone239",
					"pivot": [-0.5, 18, 4],
					"rotation": [17.5, 0, 0],
					"cubes": [
						{"origin": [-3, 13, 2], "size": [6, 5, 5], "uv": [0, 13]}
					]
				},
				{
					"name": "bone241",
					"parent": "bone240",
					"pivot": [0.5, 18, 4.5],
					"rotation": [7.5, 0, 0],
					"cubes": [
						{"origin": [-3.5, 12, 4.5], "size": [7, 6, 7], "uv": [0, 0]}
					]
				},
				{
					"name": "bone242",
					"parent": "bone241",
					"pivot": [0.5, 18, 10.5],
					"rotation": [7.5, 0, 0],
					"cubes": [
						{"origin": [-2.5, 13, 10.5], "size": [5, 5, 4], "uv": [18, 19]}
					]
				},
				{
					"name": "bone243",
					"parent": "bone241",
					"pivot": [1.5, 17.5, 12.5],
					"cubes": [
						{"origin": [-1.5, 14.5, 12.5], "size": [3, 3, 4], "uv": [21, 0]}
					]
				}
			]
		}
	]
	},
	"texture": "moreplayermodels:textures/bug_butt.png",
	"body_part": "body",
	"menu": "CORVUS_Tails",
	"preview_rotation": 135,
	"translate": [0, 12, 0],
	"scale": [1.0, 1.0, 1.0],
	"rotate_offset": [0, -12, 0.0],
	"rotate": [0.0, 0, 0.0],
	"can_use_player_skin" : true,
	"author": "nymphbat"
}