{
	"name": "Skinny_Tail",
	"render_type": "bedrock",
	"hidden_parts": [],
	"render_data" : {
	"format_version": "1.12.0",
	"minecraft:geometry": [
		{
			"description": {
				"identifier": "geometry.unknown",
				"texture_width": 16,
				"texture_height": 16,
				"visible_bounds_width": 3,
				"visible_bounds_height": 2.5,
				"visible_bounds_offset": [0, 0.75, 0]
			},
			"bones": [
				{
					"name": "med_skinny",
					"pivot": [0, 0, 0]
				},
				{
					"name": "TAILbase",
					"parent": "med_skinny",
					"pivot": [0.5, 14, 1.5],
					"rotation": [-25, 0, 0],
					"cubes": [
						{"origin": [-0.5, 13, 1], "size": [1, 1, 3], "inflate": 0.25, "uv": [0, 0]}
					]
				},
				{
					"name": "bone77",
					"parent": "TAILbase",
					"pivot": [0.5, 12, 4],
					"rotation": [20, 0, 0],
					"cubes": [
						{"origin": [-0.5, 13, 4], "size": [1, 1, 3], "uv": [0, 0]}
					]
				}
			]
		}
	]
},
	"texture": "moreplayermodels:textures/med_skinny.png",
	"body_part": "body",
	"menu": "CORVUS_Tails",
	"animation_inherit": "corvus_tails",
	"parent":"moreplayermodels:parts/corvus_tails/tail_skinny.json",
	"preview_rotation": 135,
	"translate": [0, 12, 0],
	"scale": [1.0, 1.0, 1.0],
	"rotate_offset": [0, -12, 0.0],
	"rotate": [0.0, 0, 0.0],
	"can_use_player_skin" : true,
	"author": "nymphbat"
}