{
	"name": "Medium Poof",
	"render_type": "bedrock",
	"hidden_parts": [],
	"render_data" : {
	"format_version": "1.12.0",
	"minecraft:geometry": [
		{
			"description": {
				"identifier": "geometry.unknown",
				"texture_width": 16,
				"texture_height": 16,
				"visible_bounds_width": 3,
				"visible_bounds_height": 2.5,
				"visible_bounds_offset": [0, 0.75, 0]
			},
			"bones": [
				{
					"name": "base",
					"pivot": [0, 0, 0]
				},
				{
					"name": "TAILbase",
					"parent": "base",
					"pivot": [0, 15, 2],
					"rotation": [-40, 0, 0],
					"cubes": [
						{"origin": [-1, 13, 2], "size": [2, 2, 2], "uv": [8, 8]}
					]
				},
				{
					"name": "bone475",
					"parent": "TAILbase",
					"pivot": [0, 13, 4],
					"rotation": [32.5, 0, 0],
					"cubes": [
						{"origin": [-1, 13, 4], "size": [2, 2, 2], "inflate": 0.15, "uv": [8, 3]}
					]
				},
				{
					"name": "TAILend",
					"parent": "bone475",
					"pivot": [0, 13, 6],
					"rotation": [25, 0, 0],
					"cubes": [
						{"origin": [-1, 13, 6], "size": [2, 2, 3], "inflate": 0.25, "uv": [0, 5]}
					]
				},
				{
					"name": "bone477",
					"parent": "TAILend",
					"pivot": [0, 13, 9],
					"rotation": [17.5, 0, 0],
					"cubes": [
						{"origin": [-1, 13, 9], "size": [2, 2, 3], "uv": [0, 0]}
					]
				}
			]
		}
	]
},
	"texture": "moreplayermodels:textures/tail3.png",
	"body_part": "body",
	"menu": "CORVUS_Tails",
	"animation_inherit": "corvus_tails",
	"preview_rotation": 135,
	"translate": [0, 12, 0],
	"scale": [1.0, 1.0, 1.0],
	"rotate_offset": [0, -12, 0.0],
	"rotate": [0.0, 0, 0.0],
	"can_use_player_skin" : true,
	"author": "nymphbat"
}