{
	"name": "Plumed_Tail",
	"render_type": "bedrock",
	"hidden_parts": [],
	"render_data" : {
	"format_version": "1.12.0",
	"minecraft:geometry": [
		{
			"description": {
				"identifier": "geometry.unknown",
				"texture_width": 32,
				"texture_height": 32,
				"visible_bounds_width": 2,
				"visible_bounds_height": 2.5,
				"visible_bounds_offset": [0, 0.75, 0]
			},
			"bones": [
				{
					"name": "small_plumed",
					"pivot": [0, 0, 0]
				},
				{
					"name": "TAILbase",
					"parent": "small_plumed",
					"pivot": [0.5, 14, 1.5],
					"rotation": [-25, 0, 0],
					"cubes": [
						{"origin": [-0.5, 13, 1], "size": [1, 1, 3], "inflate": 0.25, "uv": [0, 0]}
					]
				},
				{
					"name": "bone89",
					"parent": "TAILbase",
					"pivot": [0.5, 13.5, 2],
					"rotation": [0, 35, 0],
					"cubes": [
						{"origin": [-0.5, 13.5, 0.5], "size": [2, 0, 6], "uv": [8, 0]}
					]
				},
				{
					"name": "bone90",
					"parent": "TAILbase",
					"pivot": [-0.5, 13.5, 2],
					"rotation": [0, -35, 0],
					"cubes": [
						{"origin": [-1.5, 13.5, 0.5], "size": [2, 0, 6], "uv": [0, 8]}
					]
				},
				{
					"name": "bone91",
					"parent": "TAILbase",
					"pivot": [0.5, 13.75, 2],
					"cubes": [
						{"origin": [-1.5, 13.75, 0.5], "size": [3, 0, 8], "uv": [0, 0]}
					]
				}
			]
		}
	]
},
	"texture": "moreplayermodels:textures/small_plumed.png",
	"body_part": "body",
	"menu": "CORVUS_Tails",
	"animation_inherit": "corvus_tails",
	"parent":"moreplayermodels:parts/corvus_tails/tail_plumed.json",
	"preview_rotation": 135,
	"translate": [0, 12, 0],
	"scale": [1.0, 1.0, 1.0],
	"rotate_offset": [0, -12, 0.0],
	"rotate": [0.0, 0, 0.0],
	"can_use_player_skin" : true,
	"author": "nymphbat"
}