{
	"name": "Fluffy_Tail",
	"render_type": "bedrock",
	"hidden_parts": [],
	"render_data" : {
	"format_version": "1.12.0",
	"minecraft:geometry": [
		{
			"description": {
				"identifier": "geometry.unknown",
				"texture_width": 32,
				"texture_height": 32,
				"visible_bounds_width": 2,
				"visible_bounds_height": 2.5,
				"visible_bounds_offset": [0, 0.75, 0]
			},
			"bones": [
				{
					"name": "small_fluffy",
					"pivot": [0, 0, 0]
				},
				{
					"name": "TAILbase",
					"parent": "small_fluffy",
					"pivot": [0.5, 14, 1.5],
					"rotation": [-10, 0, 0],
					"cubes": [
						{"origin": [-0.5, 13, 1], "size": [1, 1, 3], "inflate": 0.25, "uv": [9, 1]}
					]
				},
				{
					"name": "TAILend",
					"parent": "TAILbase",
					"pivot": [0, 13.5, 1.5],
					"rotation": [-5, 0, 0]
				},
				{
					"name": "bone93",
					"parent": "TAILend",
					"pivot": [0, 13.5, 0.5],
					"rotation": [12.5, 0, 0],
					"cubes": [
						{"origin": [-0.0025, 11.5, 0.5], "size": [0, 4, 5], "uv": [0, 4]}
					]
				},
				{
					"name": "bone2",
					"parent": "TAILend",
					"pivot": [0, 13.5, 0.5],
					"rotation": [12.5, 0, 0],
					"cubes": [
						{"origin": [0.0025, 11.5, 0.5], "size": [0, 4, 5], "uv": [0, 4]}
					]
				}
			]
		}
	]
},
	"texture": "moreplayermodels:textures/small_fluff.png",
	"body_part": "body",
	"menu": "CORVUS_Tails",
	"animation_inherit": "corvus_tails",
	"parent":"moreplayermodels:parts/corvus_tails/tail_fluffy.json",
	"preview_rotation": 135,
	"translate": [0, 12, 0],
	"scale": [1.0, 1.0, 1.0],
	"rotate_offset": [0, -12, 0.0],
	"rotate": [0.0, 0, 0.0],
	"can_use_player_skin" : true,
	"author": "nymphbat"
}