{
	"name": "Fluffy_Tail",
	"render_type": "bedrock",
	"hidden_parts": [],
	"render_data" : {
	"format_version": "1.12.0",
	"minecraft:geometry": [
		{
			"description": {
				"identifier": "geometry.unknown",
				"texture_width": 64,
				"texture_height": 64,
				"visible_bounds_width": 5,
				"visible_bounds_height": 3,
				"visible_bounds_offset": [0, 0.5, 0]
			},
			"bones": [
				{
					"name": "long_furry",
					"pivot": [0, 0, 0]
				},
				{
					"name": "TAILbase",
					"parent": "long_furry",
					"pivot": [0, 14, 1.5],
					"rotation": [-45, 0, 0],
					"cubes": [
						{"origin": [-1, 13, 1], "size": [2, 2, 4], "inflate": 0.25, "uv": [22, 1]},
						{"origin": [0.01, 11.5, 1], "size": [0, 3, 4], "uv": [17, 18], "mirror": true},
						{"origin": [-0.01, 11.5, 1], "size": [0, 3, 4], "uv": [17, 18]}
					]
				},
				{
					"name": "bone25",
					"parent": "TAILbase",
					"pivot": [1, 14, 3],
					"rotation": [0, 0, 25],
					"cubes": [
						{"origin": [0.5, 14, 1], "size": [2, 0, 4], "uv": [18, 11]}
					]
				},
				{
					"name": "bone24",
					"parent": "TAILbase",
					"pivot": [-1, 14, 3],
					"rotation": [0, 0, -25],
					"cubes": [
						{"origin": [-2.5, 14, 1], "size": [2, 0, 4], "uv": [18, 7]}
					]
				},
				{
					"name": "TAILbase1",
					"parent": "TAILbase",
					"pivot": [0, 13, 5],
					"rotation": [20, 0, 0],
					"cubes": [
						{"origin": [-1, 13, 5], "size": [2, 2, 5], "uv": [0, 14]}
					]
				},
				{
					"name": "bone27",
					"parent": "TAILbase1",
					"pivot": [-1, 14, 7.5],
					"rotation": [0, 0, -30],
					"cubes": [
						{"origin": [-3, 14, 5], "size": [2, 0, 5], "uv": [17, 0]}
					]
				},
				{
					"name": "bone28",
					"parent": "TAILbase1",
					"pivot": [1, 14, 7.5],
					"rotation": [0, 0, 30],
					"cubes": [
						{"origin": [1, 14, 5], "size": [2, 0, 5], "uv": [4, 14]}
					]
				},
				{
					"name": "bone26",
					"parent": "TAILbase1",
					"pivot": [0, 14, 3],
					"cubes": [
						{"origin": [-0.01, 11, 5], "size": [0, 4, 5], "uv": [0, 16]},
						{"origin": [0.01, 11, 5], "size": [0, 4, 5], "uv": [0, 16]}
					]
				},
				{
					"name": "TAILbase2",
					"parent": "TAILbase1",
					"pivot": [0, 13, 10],
					"rotation": [25, 0, 0],
					"cubes": [
						{"origin": [-0.5, 13.5, 10], "size": [1, 1, 5], "inflate": 0.25, "uv": [5, 21]}
					]
				},
				{
					"name": "bone31",
					"parent": "TAILbase2",
					"pivot": [0, 14, 3],
					"cubes": [
						{"origin": [-0.01, 11, 10], "size": [0, 3, 5], "uv": [14, 11]},
						{"origin": [0.01, 11, 10], "size": [0, 3, 5], "uv": [14, 11]}
					]
				},
				{
					"name": "bone29",
					"parent": "TAILbase2",
					"pivot": [-0.5, 14, 12],
					"rotation": [0, 0, -35],
					"cubes": [
						{"origin": [-3.5, 14, 10], "size": [3, 0, 5], "uv": [11, 11]}
					]
				},
				{
					"name": "bone30",
					"parent": "TAILbase2",
					"pivot": [0.5, 14, 12],
					"rotation": [0, 0, 35],
					"cubes": [
						{"origin": [0.5, 14, 10], "size": [3, 0, 5], "uv": [11, 6]}
					]
				},
				{
					"name": "TAILend",
					"parent": "TAILbase2",
					"pivot": [0, 13, 15],
					"rotation": [20, 0, 0],
					"cubes": [
						{"origin": [-0.5, 13.5, 15], "size": [1, 1, 5], "uv": [19, 16]}
					]
				},
				{
					"name": "bone35",
					"parent": "TAILend",
					"pivot": [0, 14, 8],
					"cubes": [
						{"origin": [-0.5, 14, 20], "size": [1, 0, 1], "uv": [0, 0]}
					]
				},
				{
					"name": "bone32",
					"parent": "TAILend",
					"pivot": [0, 14, 8],
					"cubes": [
						{"origin": [-0.01, 10.5, 15], "size": [0, 5, 8], "uv": [0, 0]},
						{"origin": [0.01, 10.5, 15], "size": [0, 5, 8], "uv": [0, 0]}
					]
				},
				{
					"name": "bone33",
					"parent": "TAILend",
					"pivot": [-0.5, 14, 17],
					"rotation": [0, 0, -35],
					"cubes": [
						{"origin": [-4.5, 14, 15], "size": [4, 0, 6], "uv": [8, 0]}
					]
				},
				{
					"name": "bone34",
					"parent": "TAILend",
					"pivot": [0.5, 14, 17],
					"rotation": [0, 0, 35],
					"cubes": [
						{"origin": [0.5, 14, 15], "size": [4, 0, 6], "uv": [0, 0]}
					]
				}
			]
		}
	]
},
	"texture": "moreplayermodels:textures/tail_fluffy.png",
	"body_part": "body",
	"menu": "CORVUS_Tails",
	"animation_inherit": "corvus_tails",
	"preview_rotation": 135,
	"translate": [0, 12, 0],
	"scale": [1.0, 1.0, 1.0],
	"rotate_offset": [0, -12, 0.0],
	"rotate": [0.0, 0, 0.0],
	"can_use_player_skin" : true,
	"author": "nymphbat"
}