{
	"name": "Plumed_Tail",
	"render_type": "bedrock",
	"hidden_parts": [],
	"render_data" : {
	"format_version": "1.12.0",
	"minecraft:geometry": [
		{
			"description": {
				"identifier": "geometry.unknown",
				"texture_width": 32,
				"texture_height": 32,
				"visible_bounds_width": 5,
				"visible_bounds_height": 3,
				"visible_bounds_offset": [0, 0.5, 0]
			},
			"bones": [
				{
					"name": "long_plumed",
					"pivot": [0, 0, 0]
				},
				{
					"name": "TAILbase",
					"parent": "long_plumed",
					"pivot": [0, 14, 1.5],
					"rotation": [-45, 0, 0],
					"cubes": [
						{"origin": [-1, 13, 1], "size": [2, 2, 4], "inflate": 0.25, "uv": [18, 1]}
					]
				},
				{
					"name": "bone",
					"parent": "TAILbase",
					"pivot": [-1, 15, 3],
					"rotation": [0, 0, -30],
					"cubes": [
						{"origin": [-3, 15, 1], "size": [2, 0, 4], "uv": [18, 7]}
					]
				},
				{
					"name": "bone13",
					"parent": "TAILbase",
					"pivot": [1, 15, 3],
					"rotation": [0, 0, 30],
					"cubes": [
						{"origin": [1, 15, 1], "size": [2, 0, 4], "uv": [14, 16]}
					]
				},
				{
					"name": "bone12",
					"parent": "TAILbase",
					"pivot": [-1, 14.6, 2.5],
					"rotation": [0, 0, -45],
					"cubes": [
						{"origin": [-3, 14.6, 0.5], "size": [2, 0, 4], "uv": [0, 4]}
					]
				},
				{
					"name": "bone10",
					"parent": "TAILbase",
					"pivot": [1, 14.6, 2.5],
					"rotation": [0, 0, 45],
					"cubes": [
						{"origin": [1, 14.6, 0.5], "size": [2, 0, 4], "uv": [0, 0]}
					]
				},
				{
					"name": "TAILbase1",
					"parent": "TAILbase",
					"pivot": [0, 13, 5],
					"rotation": [20, 0, 0],
					"cubes": [
						{"origin": [-1, 13, 5], "size": [2, 2, 5], "uv": [13, 9]}
					]
				},
				{
					"name": "bone11",
					"parent": "TAILbase1",
					"pivot": [-1, 14.5, 9],
					"rotation": [0, 0, -30],
					"cubes": [
						{"origin": [-2, 14.5, 8], "size": [1, 0, 2], "uv": [0, 2]}
					]
				},
				{
					"name": "bone14",
					"parent": "TAILbase1",
					"pivot": [1, 14.5, 9],
					"rotation": [0, 0, 30],
					"cubes": [
						{"origin": [1, 14.5, 8], "size": [1, 0, 2], "uv": [0, 0]}
					]
				},
				{
					"name": "TAILbase2",
					"parent": "TAILbase1",
					"pivot": [0, 13, 10],
					"rotation": [25, 0, 0],
					"cubes": [
						{"origin": [-0.5, 13.5, 10], "size": [1, 1, 5], "inflate": 0.25, "uv": [11, 16]}
					]
				},
				{
					"name": "bone15",
					"parent": "TAILbase2",
					"pivot": [-0.5, 14.5, 12.5],
					"rotation": [0, 0, -30],
					"cubes": [
						{"origin": [-2.5, 14.5, 10], "size": [2, 0, 5], "uv": [0, 14]}
					]
				},
				{
					"name": "bone16",
					"parent": "TAILbase2",
					"pivot": [0.5, 14.5, 12.5],
					"rotation": [0, 0, 30],
					"cubes": [
						{"origin": [0.5, 14.5, 10], "size": [2, 0, 5], "uv": [13, 0]}
					]
				},
				{
					"name": "TAILend",
					"parent": "TAILbase2",
					"pivot": [0, 13, 15],
					"rotation": [20, 0, 0],
					"cubes": [
						{"origin": [-0.5, 13.5, 15], "size": [1, 1, 5], "uv": [4, 14]}
					]
				},
				{
					"name": "bone19",
					"parent": "TAILend",
					"pivot": [0, 14.3, 16],
					"rotation": [-2.5, 0, 0],
					"cubes": [
						{"origin": [-2.5, 14.3, 15], "size": [5, 0, 8], "uv": [0, 0]}
					]
				},
				{
					"name": "bone17",
					"parent": "TAILend",
					"pivot": [-0.5, 14.3, 15.5],
					"rotation": [0, -15, -25],
					"cubes": [
						{"origin": [-3.5, 14.3, 15], "size": [3, 0, 6], "uv": [6, 8]}
					]
				},
				{
					"name": "bone18",
					"parent": "TAILend",
					"pivot": [0.5, 14.3, 15.5],
					"rotation": [0, 15, 25],
					"cubes": [
						{"origin": [0.5, 14.3, 15], "size": [3, 0, 6], "uv": [0, 8]}
					]
				}
			]
		}
	]
},
	"texture": "moreplayermodels:textures/tail_plumed.png",
	"body_part": "body",
	"menu": "CORVUS_Tails",
	"animation_inherit": "corvus_tails",
	"preview_rotation": 135,
	"translate": [0, 12, 0],
	"scale": [1.0, 1.0, 1.0],
	"rotate_offset": [0, -12, 0.0],
	"rotate": [0.0, 0, 0.0],
	"can_use_player_skin" : true,
	"author": "nymphbat"
}