{
	"name": "Thin_Tail",
	"render_type": "bedrock",
	"hidden_parts": [],
	"render_data" : {
	"format_version": "1.12.0",
	"minecraft:geometry": [
		{
			"description": {
				"identifier": "geometry.unknown",
				"texture_width": 32,
				"texture_height": 32,
				"visible_bounds_width": 4,
				"visible_bounds_height": 2.5,
				"visible_bounds_offset": [0, 0.75, 0]
			},
			"bones": [
				{
					"name": "long_skinny",
					"pivot": [0, 0, 0]
				},
				{
					"name": "TAILbase",
					"parent": "long_skinny",
					"pivot": [0, 14, 1.5],
					"rotation": [-45, 0, 0],
					"cubes": [
						{"origin": [-1, 13, 1], "size": [2, 2, 4], "inflate": 0.25, "uv": [0, 14]}
					]
				},
				{
					"name": "TAILbase1",
					"parent": "TAILbase",
					"pivot": [0, 13, 5],
					"rotation": [20, 0, 0],
					"cubes": [
						{"origin": [-1, 13, 5], "size": [2, 2, 5], "uv": [0, 0]}
					]
				},
				{
					"name": "TAILbase2",
					"parent": "TAILbase1",
					"pivot": [0, 13, 10],
					"rotation": [25, 0, 0],
					"cubes": [
						{"origin": [-0.5, 13.5, 10], "size": [1, 1, 5], "inflate": 0.25, "uv": [7, 8]}
					]
				},
				{
					"name": "TAILend",
					"parent": "TAILbase2",
					"pivot": [0, 13, 15],
					"rotation": [20, 0, 0],
					"cubes": [
						{"origin": [-0.5, 13.5, 15], "size": [1, 1, 5], "uv": [0, 7]}
					]
				}
			]
		}
	]
	},
	"texture": "moreplayermodels:textures/tail_skinny.png",
	"body_part": "body",
	"menu": "CORVUS_Tails",
	"animation_inherit": "corvus_tails",
	"preview_rotation": 135,
	"translate": [0, 12, 0],
	"scale": [1.0, 1.0, 1.0],
	"rotate_offset": [0, -12, 0.0],
	"rotate": [0.0, 0, 0.0],
	"can_use_player_skin" : true,
	"author": "nymphbat"
}