{
	"name": "angler",
	"render_type": "bedrock",
	"hidden_parts": [],
	"render_data" : {
	"format_version": "1.12.0",
	"minecraft:geometry": [
		{
			"description": {
				"identifier": "geometry.unknown",
				"texture_width": 16,
				"texture_height": 16,
				"visible_bounds_width": 2,
				"visible_bounds_height": 3.5,
				"visible_bounds_offset": [0, 1.25, 0]
			},
			"bones": [
				{
					"name": "angler",
					"pivot": [0, 0, 0]
				},
				{
					"name": "bone398",
					"parent": "angler",
					"pivot": [0, 30, -3],
					"rotation": [40, 0, 0],
					"cubes": [
						{"origin": [-1, 30, -3], "size": [2, 2, 2], "inflate": 0.25, "uv": [0, 5]}
					]
				},
				{
					"name": "bone397",
					"parent": "bone398",
					"pivot": [0, 32, -1],
					"rotation": [30, 0, 0],
					"cubes": [
						{"origin": [-1, 32, -3], "size": [2, 3, 2], "uv": [0, 0]}
					]
				},
				{
					"name": "bone399",
					"parent": "bone397",
					"pivot": [0, 35, -1.5],
					"rotation": [37.5, 0, 0],
					"cubes": [
						{"origin": [-0.5, 35, -2.5], "size": [1, 3, 1], "inflate": 0.25, "uv": [8, 5]}
					]
				},
				{
					"name": "bone400",
					"parent": "bone399",
					"pivot": [0, 38, -1.5],
					"rotation": [40, 0, 0],
					"cubes": [
						{"origin": [-0.5, 38, -2.5], "size": [1, 4, 1], "uv": [8, 0]}
					]
				},
				{
					"name": "bone401",
					"parent": "bone400",
					"pivot": [0, 42, -1.5],
					"rotation": [27.5, 0, 0],
					"cubes": [
						{"origin": [-0.5, 42, -2.5], "size": [1, 1, 1], "inflate": 0.45, "uv": [0, 9]}
					]
				}
			]
		}
	]
},
	"texture": "moreplayermodels:textures/angler.png",
	"body_part": "head",
	"menu": "CORVUS_Extra",
	"preview_rotation": 315,
	"translate": [0, 12, 0],
	"scale": [1.0, 1.0, 1.0],
	"rotate_offset": [0, -12, 0.0],
	"rotate": [0.0, 0, 0.0],
	"can_use_player_skin" : true,
	"author": "nymphbat"
}