{
	"name": "Head_Mane",
	"render_type": "bedrock",
	"hidden_parts": [],
	"render_data" : {
	"format_version": "1.12.0",
	"minecraft:geometry": [
		{
			"description": {
				"identifier": "geometry.unknown",
				"texture_width": 64,
				"texture_height": 64,
				"visible_bounds_width": 3,
				"visible_bounds_height": 3.5,
				"visible_bounds_offset": [0, 1.25, 0]
			},
			"bones": [
				{
					"name": "head_fluff",
					"pivot": [0, 0, 0]
				},
				{
					"name": "bone145",
					"parent": "head_fluff",
					"pivot": [0, 29.5, 2],
					"rotation": [-5, 0, 0],
					"cubes": [
						{"origin": [-0.0025, 24, -3], "size": [0, 11, 12], "uv": [0, 11]},
						{"origin": [0.0025, 24, -3], "size": [0, 11, 12], "uv": [0, 0]}
					]
				},
				{
					"name": "bone148",
					"parent": "bone145",
					"pivot": [0, 32, 0],
					"cubes": [
						{"origin": [-0.0025, 30, -4], "size": [0, 4, 1], "pivot": [0, 31.5, -3], "rotation": [30, 0, 0], "uv": [2, 0]},
						{"origin": [0.0025, 30, -4], "size": [0, 4, 1], "pivot": [0, 31.5, -3], "rotation": [30, 0, 0], "uv": [0, 0]}
					]
				},
				{
					"name": "bone146",
					"parent": "head_fluff",
					"pivot": [2.25, 29.5, 2],
					"rotation": [-5, 10, 0],
					"cubes": [
						{"origin": [2.25, 25, -3], "size": [0, 9, 10], "uv": [24, 18]},
						{"origin": [2.255, 25, -3], "size": [0, 9, 10], "uv": [24, 9]}
					]
				},
				{
					"name": "bone147",
					"parent": "head_fluff",
					"pivot": [-2.25, 29.5, 2],
					"rotation": [-5, -10, 0],
					"cubes": [
						{"origin": [-2.25, 25, -3], "size": [0, 9, 10], "uv": [24, 0]},
						{"origin": [-2.255, 25, -3], "size": [0, 9, 10], "uv": [0, 24]}
					]
				}
			]
		}
	]
	},
	"texture": "moreplayermodels:textures/headfluff.png",
	"body_part": "head",
	"menu": "CORVUS_Extra",
	"preview_rotation": 315,
	"translate": [0, 12, 0],
	"scale": [1.0, 1.0, 1.0],
	"rotate_offset": [0, -12, 0.0],
	"rotate": [0.0, 0, 0.0],
	"can_use_player_skin" : true,
	"author": "nymphbat"
}