{
	"name": "mane",
	"render_type": "bedrock",
	"hidden_parts": [],
	"render_data" : {
	"format_version": "1.12.0",
	"minecraft:geometry": [
		{
			"description": {
				"identifier": "geometry.unknown",
				"texture_width": 64,
				"texture_height": 64,
				"visible_bounds_width": 3,
				"visible_bounds_height": 3.5,
				"visible_bounds_offset": [0, 1.25, 0]
			},
			"bones": [
				{
					"name": "mane",
					"pivot": [0, 0, 0]
				},
				{
					"name": "bone259",
					"parent": "mane",
					"pivot": [0, 0, 0]
				},
				{
					"name": "bone256",
					"parent": "bone259",
					"pivot": [4, 28, -1],
					"rotation": [0, -25, -5],
					"cubes": [
						{"origin": [3.5, 24, -1], "size": [3, 8, 0], "uv": [26, 11]}
					]
				},
				{
					"name": "bone257",
					"parent": "bone259",
					"pivot": [4, 28, 1],
					"rotation": [0, -32.5, -7.5],
					"cubes": [
						{"origin": [2.5, 24, 1], "size": [5, 8, 0], "uv": [20, 19]}
					]
				},
				{
					"name": "bone258",
					"parent": "bone259",
					"pivot": [4, 28, 3],
					"rotation": [0, -40, -10],
					"cubes": [
						{"origin": [2.5, 24, 3], "size": [5, 8, 0], "uv": [10, 19]}
					]
				},
				{
					"name": "bone275",
					"parent": "mane",
					"pivot": [0, 0, 0]
				},
				{
					"name": "bone276",
					"parent": "bone275",
					"pivot": [-4, 28, -1],
					"rotation": [0, 25, 5],
					"cubes": [
						{"origin": [-6.5, 24, -1], "size": [3, 8, 0], "uv": [0, 26]}
					]
				},
				{
					"name": "bone277",
					"parent": "bone275",
					"pivot": [-4, 28, 1],
					"rotation": [0, 32.5, 7.5],
					"cubes": [
						{"origin": [-7.5, 24, 1], "size": [5, 8, 0], "uv": [0, 18]}
					]
				},
				{
					"name": "bone278",
					"parent": "bone275",
					"pivot": [-4, 28, 3],
					"rotation": [0, 40, 10],
					"cubes": [
						{"origin": [-7.5, 24, 3], "size": [5, 8, 0], "uv": [16, 11]}
					]
				},
				{
					"name": "bone274",
					"parent": "mane",
					"pivot": [0.5, 32, -4]
				},
				{
					"name": "bone260",
					"parent": "bone274",
					"pivot": [0.5, 32, -4],
					"rotation": [-32.5, 0, 0],
					"cubes": [
						{"origin": [-3.5, 32, -4], "size": [7, 4, 0], "uv": [16, 7]}
					]
				},
				{
					"name": "bone268",
					"parent": "bone274",
					"pivot": [0.5, 32, -2],
					"rotation": [-45, 0, 0],
					"cubes": [
						{"origin": [-4, 32, -2], "size": [8, 5, 0], "uv": [0, 5]}
					]
				},
				{
					"name": "bone269",
					"parent": "bone274",
					"pivot": [0.5, 32, 1],
					"rotation": [-60, 0, 0],
					"cubes": [
						{"origin": [-4, 32, 1], "size": [8, 5, 0], "uv": [0, 0]}
					]
				},
				{
					"name": "bone270",
					"parent": "bone274",
					"pivot": [0.5, 32, 4],
					"rotation": [-75, 0, 0],
					"cubes": [
						{"origin": [-4, 32, 4], "size": [8, 3, 0], "uv": [16, 4]}
					]
				},
				{
					"name": "bone271",
					"parent": "bone274",
					"pivot": [0.5, 30.5, 4],
					"rotation": [-115, 0, 0],
					"cubes": [
						{"origin": [-4, 30.5, 4], "size": [8, 4, 0], "uv": [16, 0]}
					]
				},
				{
					"name": "bone272",
					"parent": "bone274",
					"pivot": [0.5, 28, 4],
					"rotation": [-125, 0, 0],
					"cubes": [
						{"origin": [-4, 28, 4], "size": [8, 4, 0], "uv": [0, 14]}
					]
				},
				{
					"name": "bone273",
					"parent": "bone274",
					"pivot": [0.5, 25, 4],
					"rotation": [-145, 0, 0],
					"cubes": [
						{"origin": [-4, 25, 4], "size": [8, 4, 0], "uv": [0, 10]}
					]
				}
			]
		}
	]
	},
	"texture": "moreplayermodels:textures/mane.png",
	"body_part": "head",
	"menu": "CORVUS_Extra",
	"preview_rotation": 315,
	"translate": [0, 12, 0],
	"scale": [1.0, 1.0, 1.0],
	"rotate_offset": [0, -12, 0.0],
	"rotate": [0.0, 0, 0.0],
	"can_use_player_skin" : true,
	"author": "nymphbat"
}