{"name":"flat_wings","menu":"_Wings","author":"Anfauglir/Valaron/Jakob","body_part":"body","hidden_parts":[],"texture":"moreplayermodels:textures/wings/flat_wings.png","can_use_player_skin":false,"preview_rotation":225,"render_type":"bedrock","render_data":{"format_version":"1.12.0","minecraft:geometry":[{"description":{"identifier":"geometry.unknown","texture_width":128,"texture_height":128,"visible_bounds_width":4,"visible_bounds_height":3,"visible_bounds_offset":[0,0.5,0]},"bones":[{"name":"wings","pivot":[0,0,0]},{"name":"Right_Wing","parent":"wings","pivot":[-1.5,-4,1],"rotation":[12.89211,-54.35304,-9.87909],"cubes":[{"origin":[-1.5,-23,1],"size":[0,38,24],"uv":[0,0]}]},{"name":"Left_Wing","parent":"wings","pivot":[1.5,-4,1],"rotation":[12.89211,54.35304,9.87909],"cubes":[{"origin":[1.5,-23,1],"size":[0,38,24],"uv":[0,38],"mirror":true}]}]}]}}