{"name":"wings_3","menu":"_Wings","author":"Anfauglir/Valaron/Jakob","body_part":"body","hidden_parts":[],"parent":"moreplayermodels:parts/wings/wings.json","texture":"moreplayermodels:textures/wings/wings.png","can_use_player_skin":false,"preview_rotation":225,"render_type":"bedrock","render_data":{"format_version":"1.12.0","minecraft:geometry":[{"description":{"identifier":"geometry.unknown","texture_width":64,"texture_height":64,"visible_bounds_width":5,"visible_bounds_height":3,"visible_bounds_offset":[0,0.5,0]},"bones":[{"name":"body","pivot":[0,0,0]},{"name":"wing_left","parent":"body","pivot":[1.5,-3.75,1.5],"rotation":[0,-35,0],"cubes":[{"origin":[-2,-11,3.5],"size":[16,6,0],"pivot":[4.5,-8,3.5],"rotation":[-44.08025,-7.53973,73.91769],"uv":[32,30]},{"origin":[-1.3,-9.75,5.05],"size":[16,6,0],"pivot":[5.2,-6.75,5.05],"rotation":[-38.62241,-14.8926,70.17954],"uv":[32,24]},{"origin":[-0.5,-8.25,6.4],"size":[16,6,0],"pivot":[6,-5.25,6.4],"rotation":[-37.61995,-22.37556,65.96585],"uv":[32,18]},{"origin":[1,-7.3,6.05],"size":[16,6,0],"pivot":[7.5,-4.3,6.05],"rotation":[103.1924,-17.54785,64.54448],"uv":[32,12]},{"origin":[1.18718,-6.17982,4.30051],"size":[16,6,0],"pivot":[8,-3.75,4.75],"rotation":[104.73996,-6.79008,65.93225],"uv":[32,6]},{"origin":[0.33077,-7.00083,1.09786],"size":[16,6,0],"pivot":[7.5,-3.75,1.5],"rotation":[109.34786,0.25089,67.13469],"uv":[32,0]}]},{"name":"wing_right","parent":"body","pivot":[-1.5,-3.75,1.5],"rotation":[0,35,0],"cubes":[{"origin":[-14,-11,3.5],"size":[16,6,0],"pivot":[-4.5,-8,3.5],"rotation":[-44.08025,7.53973,-73.91769],"uv":[0,30]},{"origin":[-14.7,-9.75,5.05],"size":[16,6,0],"pivot":[-5.2,-6.75,5.05],"rotation":[-38.62241,14.8926,-70.17954],"uv":[0,24]},{"origin":[-15.5,-8.25,6.4],"size":[16,6,0],"pivot":[-6,-5.25,6.4],"rotation":[-37.61995,22.37556,-65.96585],"uv":[0,18]},{"origin":[-17,-7.3,6.05],"size":[16,6,0],"pivot":[-7.5,-4.3,6.05],"rotation":[103.1924,17.54785,-64.54448],"uv":[0,12]},{"origin":[-17.18718,-6.17982,4.30051],"size":[16,6,0],"pivot":[-8,-3.75,4.75],"rotation":[104.73996,6.79008,-65.93225],"uv":[0,6]},{"origin":[-16.33077,-7.00083,1.09786],"size":[16,6,0],"pivot":[-7.5,-3.75,1.5],"rotation":[109.34786,-0.25089,-67.13469],"uv":[0,0]}]}]}]}}