{
	"name": "Flower_Crown",
	"render_type": "bedrock",
	"hidden_parts": [],
	"render_data" : {
	"format_version": "1.12.0",
	"minecraft:geometry": [
		{
			"description": {
				"identifier": "geometry.unknown",
				"texture_width": 16,
				"texture_height": 16,
				"visible_bounds_width": 5,
				"visible_bounds_height": 5.5,
				"visible_bounds_offset": [0, 2.25, 0]
			},
			"bones": [
				{
					"name": "flowercrown",
					"pivot": [0, 0, 0]
				},
				{
					"name": "bone353",
					"parent": "flowercrown",
					"pivot": [0, 0, -0.6]
				},
				{
					"name": "bone381",
					"parent": "bone353",
					"pivot": [0.1, 31.7, -4.4],
					"rotation": [0, 0, -45]
				},
				{
					"name": "bone382",
					"parent": "bone381",
					"pivot": [0.1, 31.7, -4.4],
					"rotation": [-35, 0, 0],
					"cubes": [
						{"origin": [-0.9, 30.7, -4.4], "size": [2, 1, 0], "uv": [0, 9]}
					]
				},
				{
					"name": "bone383",
					"parent": "bone381",
					"pivot": [0.1, 31.7, -4.4],
					"rotation": [35, 0, 0],
					"cubes": [
						{"origin": [-0.9, 31.7, -4.4], "size": [2, 1, 0], "uv": [8, 8]}
					]
				},
				{
					"name": "bone371",
					"parent": "bone353",
					"pivot": [-2, 31.7, -4.3],
					"rotation": [0, 0, 25]
				},
				{
					"name": "bone369",
					"parent": "bone371",
					"pivot": [-2, 31.7, -4.3],
					"rotation": [-35, 0, 0],
					"cubes": [
						{"origin": [-3, 30.7, -4.3], "size": [2, 1, 0], "uv": [8, 7]}
					]
				},
				{
					"name": "bone370",
					"parent": "bone371",
					"pivot": [-2, 31.7, -4.3],
					"rotation": [35, 0, 0],
					"cubes": [
						{"origin": [-3, 31.7, -4.3], "size": [2, 1, 0], "uv": [8, 6]}
					]
				},
				{
					"name": "bone372",
					"parent": "bone353",
					"pivot": [-3.5, 30.7, -4.3],
					"rotation": [0, 0, -30]
				},
				{
					"name": "bone373",
					"parent": "bone372",
					"pivot": [-3.5, 30.7, -4.3],
					"rotation": [-35, 0, 0],
					"cubes": [
						{"origin": [-4.5, 29.7, -4.3], "size": [2, 1, 0], "uv": [8, 5]}
					]
				},
				{
					"name": "bone374",
					"parent": "bone372",
					"pivot": [-3.5, 30.7, -4.3],
					"rotation": [35, 0, 0],
					"cubes": [
						{"origin": [-4.5, 30.7, -4.3], "size": [2, 1, 0], "uv": [8, 4]}
					]
				},
				{
					"name": "bone375",
					"parent": "bone353",
					"pivot": [-4.8, 30.7, -3.6],
					"rotation": [90, -57.5, 90]
				},
				{
					"name": "bone376",
					"parent": "bone375",
					"pivot": [-4.8, 30.7, -3.6],
					"rotation": [-35, 0, 0],
					"cubes": [
						{"origin": [-5.8, 29.7, -3.6], "size": [2, 1, 0], "uv": [4, 8]}
					]
				},
				{
					"name": "bone377",
					"parent": "bone375",
					"pivot": [-4.8, 30.7, -3.6],
					"rotation": [35, 0, 0],
					"cubes": [
						{"origin": [-5.8, 30.7, -3.6], "size": [2, 1, 0], "uv": [8, 3]}
					]
				},
				{
					"name": "bone378",
					"parent": "bone353",
					"pivot": [-4.7, 28.7, -2.6],
					"rotation": [-90, -65, -90]
				},
				{
					"name": "bone379",
					"parent": "bone378",
					"pivot": [-4.7, 28.7, -2.6],
					"rotation": [-35, 0, 0],
					"cubes": [
						{"origin": [-5.7, 27.7, -2.6], "size": [2, 1, 0], "uv": [8, 2]}
					]
				},
				{
					"name": "bone380",
					"parent": "bone378",
					"pivot": [-4.7, 28.7, -2.6],
					"rotation": [35, 0, 0],
					"cubes": [
						{"origin": [-5.7, 28.7, -2.6], "size": [2, 1, 0], "uv": [8, 1]}
					]
				},
				{
					"name": "bone384",
					"parent": "bone353",
					"pivot": [0, 31.5, -4.5],
					"rotation": [-15, 0, 10],
					"cubes": [
						{"origin": [-1, 29.5, -4.5], "size": [2, 2, 0], "uv": [4, 2]}
					]
				},
				{
					"name": "bone385",
					"parent": "bone353",
					"pivot": [-3.3, 31.5, -4.2],
					"rotation": [-10, 0, 35],
					"cubes": [
						{"origin": [-4.3, 29.5, -4.2], "size": [2, 2, 0], "uv": [4, 0]}
					]
				},
				{
					"name": "bone386",
					"parent": "bone353",
					"pivot": [-4, 30.6, -3],
					"rotation": [5, -90, 0],
					"cubes": [
						{"origin": [-5, 28.6, -3], "size": [2, 2, 0], "uv": [0, 4]}
					]
				},
				{
					"name": "bone387",
					"parent": "flowercrown",
					"pivot": [0, 0, -0.4]
				},
				{
					"name": "bone391",
					"parent": "bone387",
					"pivot": [2, 31.7, -4.4],
					"rotation": [0, 0, -25]
				},
				{
					"name": "bone392",
					"parent": "bone391",
					"pivot": [2, 31.7, -4.4],
					"rotation": [-35, 0, 0],
					"cubes": [
						{"origin": [1, 30.7, -4.4], "size": [2, 1, 0], "uv": [8, 0]}
					]
				},
				{
					"name": "bone393",
					"parent": "bone391",
					"pivot": [2, 31.7, -4.4],
					"rotation": [35, 0, 0],
					"cubes": [
						{"origin": [1, 31.7, -4.4], "size": [2, 1, 0], "uv": [0, 8]}
					]
				},
				{
					"name": "bone394",
					"parent": "bone387",
					"pivot": [3, 30.7, -4.4],
					"rotation": [0, 0, 30]
				},
				{
					"name": "bone395",
					"parent": "bone394",
					"pivot": [3, 30.7, -4.4],
					"rotation": [-35, 0, 0],
					"cubes": [
						{"origin": [2, 29.7, -4.4], "size": [2, 1, 0], "uv": [4, 7]}
					]
				},
				{
					"name": "bone396",
					"parent": "bone394",
					"pivot": [3, 30.7, -4.4],
					"rotation": [35, 0, 0],
					"cubes": [
						{"origin": [2, 30.7, -4.4], "size": [2, 1, 0], "uv": [0, 7]}
					]
				},
				{
					"name": "bone397",
					"parent": "bone387",
					"pivot": [4.4, 30.7, -3.4],
					"rotation": [90, 57.5, -90]
				},
				{
					"name": "bone398",
					"parent": "bone397",
					"pivot": [4.4, 30.7, -3.4],
					"rotation": [-35, 0, 0],
					"cubes": [
						{"origin": [3.4, 29.7, -3.4], "size": [2, 1, 0], "uv": [4, 6]}
					]
				},
				{
					"name": "bone399",
					"parent": "bone397",
					"pivot": [4.4, 30.7, -3.4],
					"rotation": [35, 0, 0],
					"cubes": [
						{"origin": [3.4, 30.7, -3.4], "size": [2, 1, 0], "uv": [0, 6]}
					]
				},
				{
					"name": "bone400",
					"parent": "bone387",
					"pivot": [4.4, 28.7, -2.4],
					"rotation": [-90, 65, 90]
				},
				{
					"name": "bone401",
					"parent": "bone400",
					"pivot": [4.4, 28.7, -2.4],
					"rotation": [-35, 0, 0],
					"cubes": [
						{"origin": [3.4, 27.7, -2.4], "size": [2, 1, 0], "uv": [4, 5]}
					]
				},
				{
					"name": "bone402",
					"parent": "bone400",
					"pivot": [4.4, 28.7, -2.4],
					"rotation": [35, 0, 0],
					"cubes": [
						{"origin": [3.4, 28.7, -2.4], "size": [2, 1, 0], "uv": [4, 4]}
					]
				},
				{
					"name": "bone404",
					"parent": "bone387",
					"pivot": [3, 31.5, -4.4],
					"rotation": [-10, 0, -35],
					"cubes": [
						{"origin": [2, 29.5, -4.4], "size": [2, 2, 0], "uv": [0, 2]}
					]
				},
				{
					"name": "bone405",
					"parent": "bone387",
					"pivot": [4.4, 30.6, -2.8],
					"rotation": [5, 90, 0],
					"cubes": [
						{"origin": [3.4, 28.6, -2.8], "size": [2, 2, 0], "uv": [0, 0]}
					]
				}
			]
		}
	]
},
	"texture": "moreplayermodels:textures/3flowercrown.png",
	"body_part": "head",
	"menu": "CORVUS_Misc",
	"parent":"moreplayermodels:parts/corvus_misc/flowercrown.json",
	"preview_rotation": 315,
	"translate": [0, 12, 0],
	"scale": [1.0, 1.0, 1.0],
	"rotate_offset": [0, -12, 0.0],
	"rotate": [0.0, 0, 0.0],
	"can_use_player_skin" : true,
	"author": "nymphbat"
}