{
	"name": "Flower",
	"render_type": "bedrock",
	"hidden_parts": [],
	"render_data" : {
	"format_version": "1.12.0",
	"minecraft:geometry": [
		{
			"description": {
				"identifier": "geometry.unknown",
				"texture_width": 16,
				"texture_height": 16,
				"visible_bounds_width": 5,
				"visible_bounds_height": 5.5,
				"visible_bounds_offset": [0, 2.25, 0]
			},
			"bones": [
				{
					"name": "flower",
					"pivot": [0, 0, 0]
				},
				{
					"name": "bone403",
					"parent": "flower",
					"pivot": [-4, 30, -2],
					"rotation": [0, -7.5, 0]
				},
				{
					"name": "bone388",
					"parent": "bone403",
					"pivot": [-4, 29.5, -2.5],
					"cubes": [
						{"origin": [-5, 29.5, -2.5], "size": [1, 1, 1], "uv": [0, 0], "mirror": true}
					]
				},
				{
					"name": "bone412",
					"parent": "bone388",
					"pivot": [-4.5, 30, -2],
					"rotation": [45, 0, 0],
					"cubes": [
						{"origin": [-4.5, 28, -4], "size": [0, 4, 4], "uv": [0, 4], "mirror": true}
					]
				},
				{
					"name": "bone390",
					"parent": "bone412",
					"pivot": [-4.6, 30, -2],
					"rotation": [30, 0, 0],
					"cubes": [
						{"origin": [-4.6, 28, -4], "size": [0, 4, 4], "uv": [0, 0], "mirror": true}
					]
				},
				{
					"name": "bone410",
					"parent": "bone403",
					"pivot": [-4.3, 30, -2],
					"rotation": [-160, 0, 0],
					"cubes": [
						{"origin": [-4.3, 30, -2.5], "size": [0, 3, 2], "uv": [8, 3], "mirror": true}
					]
				},
				{
					"name": "bone389",
					"parent": "bone403",
					"pivot": [-4.3, 30, -2],
					"rotation": [-110, 0, 0],
					"cubes": [
						{"origin": [-4.25, 30, -3.5], "size": [0, 3, 2], "uv": [8, 0], "mirror": true}
					]
				}
			]
		}
	]
},
	"texture": "moreplayermodels:textures/1flower.png",
	"body_part": "head",
	"menu": "CORVUS_Misc",
	"parent":"moreplayermodels:parts/corvus_misc/flower_b.json",
	"preview_rotation": 315,
	"translate": [0, 12, 0],
	"scale": [1.0, 1.0, 1.0],
	"rotate_offset": [0, -12, 0.0],
	"rotate": [0.0, 0, 0.0],
	"can_use_player_skin" : true,
	"author": "nymphbat"
}