{
	"name": "Rat",
	"render_type": "bedrock",
	"hidden_parts": [],
	"render_data" : {
	"format_version": "1.12.0",
	"minecraft:geometry": [
		{
			"description": {
				"identifier": "geometry.unknown",
				"texture_width": 16,
				"texture_height": 16,
				"visible_bounds_width": 3,
				"visible_bounds_height": 3.5,
				"visible_bounds_offset": [0, 1.25, 0]
			},
			"bones": [
				{
					"name": "right_arm",
					"pivot": [-5, 22, 0],
					"rotation": [-7.5, 0, 0],
					"cubes": [
						{"origin": [-7.5, 24, -1.7], "size": [3, 3, 4], "uv": [0, 0]},
						{"origin": [-7.5, 25.2, -1.7], "size": [1, 1, 1], "inflate": 0.01, "uv": [0, 11]},
						{"origin": [-5.5, 25.2, -1.7], "size": [1, 1, 1], "inflate": 0.01, "uv": [10, 2]}
					]
				},
				{
					"name": "bone461",
					"parent": "right_arm",
					"pivot": [-6, 24.2, 2.3],
					"rotation": [-35, 0, 0],
					"cubes": [
						{"origin": [-6.5, 24.2, 1.3], "size": [1, 1, 2], "inflate": 0.125, "uv": [9, 8]}
					]
				},
				{
					"name": "bone467",
					"parent": "bone461",
					"pivot": [-6, 25.2, 3.3],
					"rotation": [-20, 0, 0],
					"cubes": [
						{"origin": [-6.5, 24.2, 3.3], "size": [1, 1, 2], "inflate": 0.01, "uv": [5, 7]}
					]
				},
				{
					"name": "bone468",
					"parent": "bone467",
					"pivot": [-6, 25.2, 5.3],
					"rotation": [-20, 0, 0],
					"cubes": [
						{"origin": [-6.5, 24.2, 5.3], "size": [1, 1, 3], "uv": [0, 7]}
					]
				},
				{
					"name": "bone463",
					"parent": "right_arm",
					"pivot": [-12, 0, 0.3],
					"cubes": [
						{"origin": [-5, 26.5, -1.5], "size": [1, 2, 0], "pivot": [-4.5, 26.5, -1.5], "rotation": [20, 20, 0], "uv": [4, 11]},
						{"origin": [-5, 26.5, -1.505], "size": [1, 2, 0], "pivot": [-4.5, 26.5, -1.5], "rotation": [20, 20, 0], "uv": [9, 7]}
					]
				},
				{
					"name": "bone462",
					"parent": "right_arm",
					"pivot": [0, 0, 0.3],
					"cubes": [
						{"origin": [-8, 26.5, -1.5], "size": [1, 2, 0], "pivot": [-7.5, 26.5, -1.5], "rotation": [20, -20, 0], "uv": [5, 7]},
						{"origin": [-8, 26.5, -1.505], "size": [1, 2, 0], "pivot": [-7.5, 26.5, -1.5], "rotation": [20, -20, 0], "uv": [0, 7]}
					]
				},
				{
					"name": "bone464",
					"parent": "right_arm",
					"pivot": [-6, 24, -1.7],
					"rotation": [-57.5, 0, 0]
				},
				{
					"name": "bone466",
					"parent": "bone464",
					"pivot": [-5.5, 22.5, -2.5],
					"cubes": [
						{"origin": [-6.5, 23.45, -2.95], "size": [1, 2, 1], "inflate": 0.25, "pivot": [-6, 24.35, -1.35], "rotation": [-12.5, 0, 0], "uv": [0, 0]},
						{"origin": [-6.5, 22.65, -3.45], "size": [1, 1, 1], "pivot": [-6, 24.35, -1.35], "rotation": [-12.5, 0, 0], "uv": [10, 0]}
					]
				},
				{
					"name": "bone465",
					"parent": "right_arm",
					"pivot": [-6, 24, -1.7],
					"rotation": [-57.5, 0, 0]
				}
			]
		}
	]
},
	"texture": "moreplayermodels:textures/rat1.png",
	"body_part": "arms",
	"menu": "CORVUS_Misc",
	"animation_type": "arms",
	"preview_rotation": 45,
	"can_use_player_skin" : true,
	"author": "nymphbat"
}