{
	"name": "Whisp",
	"render_type": "bedrock",
	"hidden_parts": [],
	"render_data" : {
	"format_version": "1.12.0",
	"minecraft:geometry": [
		{
			"description": {
				"identifier": "geometry.unknown",
				"texture_width": 32,
				"texture_height": 32,
				"visible_bounds_width": 3,
				"visible_bounds_height": 4.5,
				"visible_bounds_offset": [0, 1.75, 0]
			},
			"bones": [
				{
					"name": "whisps",
					"pivot": [0, 0, 0]
				},
				{
					"name": "whisp2",
					"parent": "whisps",
					"pivot": [0, 0, 0]
				},
				{
					"name": "bone393",
					"parent": "whisp2",
					"pivot": [3, 35, -8],
					"cubes": [
						{"origin": [3, 35, -9], "size": [1, 1, 1], "uv": [14, 8]},
						{"origin": [3, 35, -9], "size": [1, 1, 1], "inflate": 0.25, "uv": [8, 14]}
					]
				},
				{
					"name": "bone392",
					"parent": "whisp2",
					"pivot": [5, 38, 4],
					"cubes": [
						{"origin": [4, 38, 3], "size": [2, 2, 2], "uv": [0, 4]},
						{"origin": [4, 38, 3], "size": [2, 2, 2], "inflate": 0.5, "uv": [0, 0]}
					]
				},
				{
					"name": "bone394",
					"parent": "whisp2",
					"pivot": [-5, 34, 8],
					"cubes": [
						{"origin": [-5, 34, 7], "size": [1, 1, 1], "uv": [14, 4]},
						{"origin": [-5, 34, 7], "size": [1, 1, 1], "inflate": 0.25, "uv": [13, 13]}
					]
				},
				{
					"name": "whisp1",
					"parent": "whisps",
					"pivot": [0, 0, 0]
				},
				{
					"name": "bone390",
					"parent": "whisp1",
					"pivot": [7, 24, -7],
					"cubes": [
						{"origin": [6, 24, -8], "size": [2, 2, 2], "uv": [12, 0]},
						{"origin": [6, 24, -8], "size": [2, 2, 2], "inflate": 0.5, "uv": [0, 12]}
					]
				},
				{
					"name": "bone395",
					"parent": "whisp1",
					"pivot": [8, 29, 4],
					"cubes": [
						{"origin": [8, 29, 3], "size": [1, 1, 1], "uv": [12, 10]},
						{"origin": [8, 29, 3], "size": [1, 1, 1], "inflate": 0.25, "uv": [12, 6]}
					]
				},
				{
					"name": "bone391",
					"parent": "whisp1",
					"pivot": [0, 21, 8],
					"cubes": [
						{"origin": [-1, 21, 7], "size": [2, 2, 2], "uv": [6, 6]},
						{"origin": [-1, 21, 7], "size": [2, 2, 2], "inflate": 0.25, "uv": [6, 2]}
					]
				},
				{
					"name": "whisp3",
					"parent": "whisps",
					"pivot": [0, 0, 0]
				},
				{
					"name": "bone389",
					"parent": "whisp3",
					"pivot": [-8, 31, -5],
					"cubes": [
						{"origin": [-9, 31, -6], "size": [2, 2, 2], "uv": [6, 10]},
						{"origin": [-9, 31, -6], "size": [2, 2, 2], "inflate": 0.25, "uv": [0, 8]}
					]
				},
				{
					"name": "bone396",
					"parent": "whisp3",
					"pivot": [-7, 22, 7],
					"cubes": [
						{"origin": [-7, 22, 6], "size": [1, 1, 1], "uv": [10, 0]},
						{"origin": [-7, 22, 6], "size": [1, 1, 1], "inflate": 0.5, "uv": [6, 0]}
					]
				}
			]
		}
	]
},
	"texture": "moreplayermodels:textures/whisps.png",
	"body_part": "none",
	"menu": "CORVUS_Misc",
	"animation_inherit" : "corvus_whisp",
	"preview_rotation": 45,
	"translate": [0, 12, 0],
	"scale": [1.0, 1.0, 1.0],
	"rotate_offset": [0, -12, 0.0],
	"rotate": [0.0, 0, 0.0],
	"can_use_player_skin" : true,
	"author": "nymphbat"
}