{"name":"horns_6","menu":"_Horns","author":"Anfauglir/Valaron/Jakob","body_part":"head","hidden_parts":[],"texture":"moreplayermodels:textures/horns/horns_6.png","can_use_player_skin":false,"preview_rotation":45,"animation_type":"NONE","render_type":"bedrock","render_data":{"format_version":"1.12.0","minecraft:geometry":[{"description":{"identifier":"geometry.unknown","texture_width":32,"texture_height":32,"visible_bounds_width":2,"visible_bounds_height":2.5,"visible_bounds_offset":[0,0.75,0]},"bones":[{"name":"horns_6","pivot":[0,0,0],"cubes":[{"origin":[2,5.4,-5],"size":[3,3,3],"pivot":[3.5,8,-3.5],"rotation":[36.23958,-7.84521,33.49797],"uv":[0,6]},{"origin":[2.85,7.45,-4.95],"size":[2,4,2],"pivot":[3.75,9,-3.75],"rotation":[17.15993,-3.21132,12.08681],"uv":[0,12]},{"origin":[3.9,10.9,-5.1],"size":[1,3,1],"uv":[12,0]},{"origin":[-5,5.4,-5],"size":[3,3,3],"pivot":[-3.5,8,-3.5],"rotation":[36.23958,7.84521,-33.49797],"uv":[0,0]},{"origin":[-4.85,7.45,-4.95],"size":[2,4,2],"pivot":[-3.75,9,-3.75],"rotation":[17.15993,3.21132,-12.08681],"uv":[10,10]},{"origin":[-4.9,10.9,-5.1],"size":[1,3,1],"uv":[11,5]}]}]}]}}