{"name":"horns_2","menu":"_Horns","author":"Anfauglir/Valaron/Jakob","body_part":"head","hidden_parts":[],"texture":"moreplayermodels:textures/horns/horns_2.png","can_use_player_skin":false,"preview_rotation":45,"animation_type":"NONE","render_type":"bedrock","render_data":{"format_version":"1.12.0","minecraft:geometry":[{"description":{"identifier":"geometry.unknown","texture_width":32,"texture_height":32,"visible_bounds_width":2,"visible_bounds_height":2.5,"visible_bounds_offset":[0,0.75,0]},"bones":[{"name":"horns_2","pivot":[0,0,0],"cubes":[{"origin":[2,6,-5],"size":[3,3,3],"uv":[11,11]},{"origin":[-5,6,-5],"size":[3,3,3],"uv":[11,4]},{"origin":[3,7,-4],"size":[3,3,4],"uv":[0,7]},{"origin":[-6,7,-4],"size":[3,3,4],"uv":[0,0]},{"origin":[5,5,-1],"size":[2,4,2],"uv":[8,17]},{"origin":[-7,5,-1],"size":[2,4,2],"uv":[0,14]},{"origin":[6,4,-2],"size":[1,1,2],"uv":[14,1]},{"origin":[-7,4,-2],"size":[1,1,2],"uv":[10,0]}]}]}]}}