{"name":"horns_5","menu":"_Horns","author":"Anfauglir/Valaron/Jakob","body_part":"head","hidden_parts":[],"texture":"moreplayermodels:textures/horns/horns_5.png","can_use_player_skin":false,"preview_rotation":45,"animation_type":"NONE","render_type":"bedrock","render_data":{"format_version":"1.12.0","minecraft:geometry":[{"description":{"identifier":"geometry.unknown","texture_width":32,"texture_height":32,"visible_bounds_width":3,"visible_bounds_height":2.5,"visible_bounds_offset":[0,0.75,0]},"bones":[{"name":"bone","pivot":[0,0,0],"cubes":[{"origin":[-4.9,5.65,2.5],"size":[3,3,4],"pivot":[-3.4,7.4,3.75],"rotation":[9.21712,-8.44624,-11.33916],"uv":[0,7]},{"origin":[-4.8,7.30213,5.96498],"size":[2,2,3],"pivot":[-3.4,7.80213,7.86498],"rotation":[27.19727,2.18738,-9.87545],"uv":[11,11]},{"origin":[-4.44101,8.71754,8.25808],"size":[1,1,2],"pivot":[-3.94101,9.21754,9.25808],"rotation":[37.77335,12.14733,-19.12865],"uv":[0,14]},{"origin":[1.9,5.65,2.5],"size":[3,3,4],"pivot":[3.4,7.4,3.75],"rotation":[9.21712,8.44624,11.33916],"uv":[0,0]},{"origin":[2.8,7.30213,5.96498],"size":[2,2,3],"pivot":[3.4,7.80213,7.86498],"rotation":[27.19727,-2.18738,9.87545],"uv":[11,4]},{"origin":[3.44101,8.71754,8.25808],"size":[1,1,2],"pivot":[3.94101,9.21754,9.25808],"rotation":[37.77335,-12.14733,19.12865],"uv":[10,0]}]}]}]}}