{
	"name": "Redwood Branches",
	"render_type": "bedrock",
	"hidden_parts": [none],
	"render_data" : {
	"format_version": "1.12.0",
	"minecraft:geometry": [
		{
			"description": {
				"identifier": "geometry.ki_branches3_mpm",
				"texture_width": 64,
				"texture_height": 64,
				"visible_bounds_width": 4,
				"visible_bounds_height": 2.5,
				"visible_bounds_offset": [0, 0.75, 0]
			},
			"bones": [
				{
					"name": "bb_main",
					"pivot": [0, 0, 0]
				},
				{
					"name": "2",
					"pivot": [9, 12, 10],
					"rotation": [-170, 22, 0]
				},
				{
					"name": "bone",
					"parent": "2",
					"pivot": [9.06994, 12.23172, 11.89155],
					"cubes": [
						{"origin": [8.53079, 12.21528, 9.41651], "size": [1, 1, 5], "pivot": [9, 12, 10], "rotation": [0, 22.5, 0], "uv": [46, 10]},
						{"origin": [9.56111, 11.50507, 0.90469], "size": [1, 1, 8], "pivot": [9, 12, 10], "rotation": [-22.5, 0, 0], "uv": [39, 36]},
						{"origin": [10.56111, 12.50507, 6.90469], "size": [1, 1, 2], "pivot": [9, 12, 10], "rotation": [-22.5, 0, 0], "uv": [39, 41]},
						{"origin": [10.56111, 11.96528, 8.79061], "size": [1, 1, 9], "uv": [28, 36]},
						{"origin": [10.31111, 9.82177, 9.93085], "size": [1, 1, 5], "pivot": [9, 12, 10], "rotation": [22.5, 0, 0], "uv": [25, 38]},
						{"origin": [10.31111, 14.20063, 8.36523], "size": [1, 1, 5], "pivot": [9, 12, 10], "rotation": [-22.5, 0, 0], "uv": [17, 43]},
						{"origin": [9.56111, 11.96528, 8.79061], "size": [1, 1, 10], "uv": [0, 36]},
						{"origin": [12.39916, 12.21528, 10.90885], "size": [1, 1, 3], "pivot": [9, 12, 10], "rotation": [0, -22.5, 0], "uv": [39, 46]},
						{"origin": [6.77487, 13.43288, 7.79061], "size": [6, 0, 12], "pivot": [9, 12, 10], "rotation": [0, 0, 45], "uv": [0, 12]},
						{"origin": [9.77487, 10.43288, 7.79061], "size": [0, 6, 12], "pivot": [9, 12, 10], "rotation": [0, 0, 45], "uv": [0, 18]},
						{"origin": [12.86427, 11.71528, 9.90433], "size": [0, 2, 5], "pivot": [9, 12, 10], "rotation": [0, -22.5, 0], "uv": [26, 28]},
						{"origin": [11.86427, 12.71528, 9.90433], "size": [2, 0, 5], "pivot": [9, 12, 10], "rotation": [0, -22.5, 0], "uv": [34, 36]},
						{"origin": [8.02453, 12.71528, 8.70877], "size": [2, 0, 5], "pivot": [9, 12, 10], "rotation": [0, 22.5, 0], "uv": [0, 36]},
						{"origin": [9.02453, 11.71528, 8.70877], "size": [0, 2, 5], "pivot": [9, 12, 10], "rotation": [0, 22.5, 0], "uv": [26, 26]},
						{"origin": [10.06111, 8.92899, -0.48672], "size": [0, 6, 9], "pivot": [9, 12, 10], "rotation": [-22.5, 0, 0], "uv": [12, 28]},
						{"origin": [7.06111, 11.92899, -0.48672], "size": [6, 0, 9], "pivot": [9, 12, 10], "rotation": [-22.5, 0, 0], "uv": [15, 10]},
						{"origin": [10.81111, 12.67899, 7.51328], "size": [0, 4, 6], "pivot": [9, 12, 10], "rotation": [-22.5, 0, 0], "uv": [0, 4]},
						{"origin": [8.81111, 14.67899, 7.51328], "size": [4, 0, 6], "pivot": [9, 12, 10], "rotation": [-22.5, 0, 0], "uv": [30, 0]},
						{"origin": [11.06111, 12.02249, 5.91349], "size": [0, 2, 4], "pivot": [9, 12, 10], "rotation": [-22.5, 0, 0], "uv": [36, 11]},
						{"origin": [10.06111, 13.02249, 5.91349], "size": [2, 0, 4], "pivot": [9, 12, 10], "rotation": [-22.5, 0, 0], "uv": [39, 36]},
						{"origin": [8.81111, 10.34341, 9.0789], "size": [4, 0, 6], "pivot": [9, 12, 10], "rotation": [22.5, 0, 0], "uv": [20, 25]},
						{"origin": [10.81111, 8.34341, 9.0789], "size": [0, 4, 6], "pivot": [9, 12, 10], "rotation": [22.5, 0, 0], "uv": [0, 0]},
						{"origin": [6.81111, 7.76105, 13.74297], "size": [1, 1, 4], "pivot": [9, 12, 10], "rotation": [22.5, 0, 0], "uv": [0, 47]},
						{"origin": [6.81111, 15.50015, 15.35051], "size": [1, 1, 4], "pivot": [9, 12, 10], "rotation": [-22.5, 0, 0], "uv": [0, 41]},
						{"origin": [6.56111, 11.2066, 6.01498], "size": [1, 1, 6], "pivot": [9, 12, 10], "rotation": [22.5, 0, 0], "uv": [40, 28]},
						{"origin": [7.56111, 11.96528, 11.79061], "size": [1, 1, 9], "uv": [36, 0]},
						{"origin": [7.56111, 11.2066, 8.01498], "size": [1, 1, 4], "pivot": [9, 12, 10], "rotation": [22.5, 0, 0], "uv": [25, 46]},
						{"origin": [7.56111, 10.2066, 9.01498], "size": [1, 1, 3], "pivot": [9, 12, 10], "rotation": [22.5, 0, 0], "uv": [0, 2]},
						{"origin": [6.56111, 10.2066, 4.01498], "size": [1, 1, 8], "pivot": [9, 12, 10], "rotation": [22.5, 0, 0], "uv": [36, 10]},
						{"origin": [6.56111, 11.96528, 11.79061], "size": [1, 1, 11], "uv": [13, 25]},
						{"origin": [6.56111, 10.96528, 11.79061], "size": [1, 1, 8], "uv": [38, 19]},
						{"origin": [7.56111, 10.96528, 11.79061], "size": [1, 1, 10], "uv": [26, 25]},
						{"origin": [9.27557, 11.21528, 10.82854], "size": [1, 1, 5], "pivot": [9, 12, 10], "rotation": [0, -22.5, 0], "uv": [43, 45]},
						{"origin": [4.6111, 11.21528, 11.2901], "size": [1, 1, 3], "pivot": [9, 12, 10], "rotation": [0, 22.5, 0], "uv": [31, 46]},
						{"origin": [5.00781, 10.9573, 11.79061], "size": [6, 0, 12], "pivot": [9, 12, 10], "rotation": [0, 0, 45], "uv": [0, 0]},
						{"origin": [8.00781, 7.9573, 11.79061], "size": [0, 6, 12], "pivot": [9, 12, 10], "rotation": [0, 0, 45], "uv": [0, 12]},
						{"origin": [9.77557, 10.71428, 9.82854], "size": [0, 2, 5], "pivot": [9, 12, 10], "rotation": [0, -22.5, 0], "uv": [0, 17]},
						{"origin": [8.77557, 11.71428, 9.82854], "size": [2, 0, 5], "pivot": [9, 12, 10], "rotation": [0, -22.5, 0], "uv": [0, 0]},
						{"origin": [4.1111, 11.71428, 10.2901], "size": [2, 0, 4], "pivot": [9, 12, 10], "rotation": [0, 22.5, 0], "uv": [28, 37]},
						{"origin": [5.1111, 10.71428, 10.2901], "size": [0, 2, 4], "pivot": [9, 12, 10], "rotation": [0, 22.5, 0], "uv": [36, 2]},
						{"origin": [7.31111, 13.99915, 14.35051], "size": [0, 4, 5], "pivot": [9, 12, 10], "rotation": [-22.5, 0, 0], "uv": [0, 13]},
						{"origin": [5.31111, 15.99915, 14.35051], "size": [4, 0, 5], "pivot": [9, 12, 10], "rotation": [-22.5, 0, 0], "uv": [33, 28]},
						{"origin": [5.31211, 8.26105, 12.74297], "size": [4, 0, 5], "pivot": [9, 12, 10], "rotation": [22.5, 0, 0], "uv": [31, 10]},
						{"origin": [7.31211, 6.26105, 12.74297], "size": [0, 4, 5], "pivot": [9, 12, 10], "rotation": [22.5, 0, 0], "uv": [0, 9]},
						{"origin": [7.56111, 8.2066, 3.01498], "size": [0, 6, 10], "pivot": [9, 12, 10], "rotation": [22.5, 0, 0], "uv": [24, 9]},
						{"origin": [4.56111, 11.2066, 3.01498], "size": [6, 0, 10], "pivot": [9, 12, 10], "rotation": [22.5, 0, 0], "uv": [14, 0]}
					]
				}
			]
		}
	]
},
	"texture": "moreplayermodels:textures/custom/kibranches_mpm.png",
	"body_part": "head",
	"menu": "♥ Customs",
	"preview_rotation": 315,
	"translate": [0, -3.5, -0.5],
	"scale": [0.4, 0.4, 0.4],
	"rotate_offset": [0, 0, 0],
	"rotate": [0, 0, 0],
	"author": "Ruvy"
}