{
	"author": "Ruvy",
	"name": "Redwood Branches",
	"menu": "♥ Customs",
	"body_part": "arms",
	"preview_rotation": 45,
    "animation_type": "arms",
	"texture": "moreplayermodels:textures/custom/kibranches_mpm.png",
	"translate": [0, 0, 0],
	"scale": [0.3, 0.3, 0.3],
	"rotate_offset": [0, 0, 0],
	"rotate": [0, 0, 0],
	
	"render_type": "bedrock",
	"render_data" : {
	"format_version": "1.12.0",
	"minecraft:geometry": [
		{
			"description": {
				"identifier": "geometry.ki_branches_mpm",
				"texture_width": 64,
				"texture_height": 64,
				"visible_bounds_width": 8,
				"visible_bounds_height": 10,
				"visible_bounds_offset": [0, 2, 0]
			},
			"bones": [
				{
					"name": "right_arm",
					"pivot": [0, 0, 0]
				},
				{
					"name": "branches_leafy",
					"parent": "right_arm",
					"pivot": [-14.06267, -31.14308, 7.30943],
					"rotation": [100, 0, 0],
					"cubes": [
						{"origin": [-14.53032, -31.19974, 4.05966], "size": [1, 1, 5], "pivot": [-14.06111, -31.41502, 4.64315], "rotation": [0, 22.5, 0], "uv": [46, 10]},
						{"origin": [-13.5, -31.90994, -4.45217], "size": [1, 1, 8], "pivot": [-14.06111, -31.41502, 4.64315], "rotation": [-22.5, 0, 0], "uv": [39, 36]},
						{"origin": [-12.5, -30.90994, 1.54783], "size": [1, 1, 2], "pivot": [-14.06111, -31.41502, 4.64315], "rotation": [-22.5, 0, 0], "uv": [39, 41]},
						{"origin": [-12.5, -31.44974, 3.43376], "size": [1, 1, 9], "uv": [28, 36]},
						{"origin": [-12.75, -33.59325, 4.574], "size": [1, 1, 5], "pivot": [-14.06111, -31.41502, 4.64315], "rotation": [22.5, 0, 0], "uv": [25, 38]},
						{"origin": [-12.75, -29.21439, 3.00837], "size": [1, 1, 5], "pivot": [-14.06111, -31.41502, 4.64315], "rotation": [-22.5, 0, 0], "uv": [17, 43]},
						{"origin": [-13.5, -31.44974, 3.43376], "size": [1, 1, 10], "uv": [0, 36]},
						{"origin": [-10.66196, -31.19974, 5.552], "size": [1, 1, 3], "pivot": [-14.06111, -31.41502, 4.64315], "rotation": [0, -22.5, 0], "uv": [39, 46]},
						{"origin": [-16.28624, -29.98214, 2.43376], "size": [6, 0, 12], "pivot": [-14.06111, -31.41502, 4.64315], "rotation": [0, 0, 45], "uv": [0, 12]},
						{"origin": [-13.28624, -32.98214, 2.43376], "size": [0, 6, 12], "pivot": [-14.06111, -31.41502, 4.64315], "rotation": [0, 0, 45], "uv": [0, 18]},
						{"origin": [-10.19684, -31.69974, 4.54748], "size": [0, 2, 5], "pivot": [-14.06111, -31.41502, 4.64315], "rotation": [0, -22.5, 0], "uv": [26, 28]},
						{"origin": [-11.19684, -30.69974, 4.54748], "size": [2, 0, 5], "pivot": [-14.06111, -31.41502, 4.64315], "rotation": [0, -22.5, 0], "uv": [34, 36]},
						{"origin": [-15.03659, -30.69974, 3.35192], "size": [2, 0, 5], "pivot": [-14.06111, -31.41502, 4.64315], "rotation": [0, 22.5, 0], "uv": [0, 36]},
						{"origin": [-14.03659, -31.69974, 3.35192], "size": [0, 2, 5], "pivot": [-14.06111, -31.41502, 4.64315], "rotation": [0, 22.5, 0], "uv": [26, 26]},
						{"origin": [-13, -34.48603, -5.84358], "size": [0, 6, 9], "pivot": [-14.06111, -31.41502, 4.64315], "rotation": [-22.5, 0, 0], "uv": [12, 28]},
						{"origin": [-16, -31.48603, -5.84358], "size": [6, 0, 9], "pivot": [-14.06111, -31.41502, 4.64315], "rotation": [-22.5, 0, 0], "uv": [15, 10]},
						{"origin": [-12.25, -30.73603, 2.15642], "size": [0, 4, 6], "pivot": [-14.06111, -31.41502, 4.64315], "rotation": [-22.5, 0, 0], "uv": [0, 4]},
						{"origin": [-14.25, -28.73603, 2.15642], "size": [4, 0, 6], "pivot": [-14.06111, -31.41502, 4.64315], "rotation": [-22.5, 0, 0], "uv": [30, 0]},
						{"origin": [-12, -31.39253, 0.55664], "size": [0, 2, 4], "pivot": [-14.06111, -31.41502, 4.64315], "rotation": [-22.5, 0, 0], "uv": [36, 11]},
						{"origin": [-13, -30.39253, 0.55664], "size": [2, 0, 4], "pivot": [-14.06111, -31.41502, 4.64315], "rotation": [-22.5, 0, 0], "uv": [39, 36]},
						{"origin": [-14.25, -33.07161, 3.72205], "size": [4, 0, 6], "pivot": [-14.06111, -31.41502, 4.64315], "rotation": [22.5, 0, 0], "uv": [20, 25]},
						{"origin": [-12.25, -35.07161, 3.72205], "size": [0, 4, 6], "pivot": [-14.06111, -31.41502, 4.64315], "rotation": [22.5, 0, 0], "uv": [0, 0]},
						{"origin": [-16.25, -35.65397, 8.38612], "size": [1, 1, 4], "pivot": [-14.06111, -31.41502, 4.64315], "rotation": [22.5, 0, 0], "uv": [0, 47]},
						{"origin": [-16.25, -27.91487, 9.99366], "size": [1, 1, 4], "pivot": [-14.06111, -31.41502, 4.64315], "rotation": [-22.5, 0, 0], "uv": [0, 41]},
						{"origin": [-16.5, -32.20841, 0.65813], "size": [1, 1, 6], "pivot": [-14.06111, -31.41502, 4.64315], "rotation": [22.5, 0, 0], "uv": [40, 28]},
						{"origin": [-15.5, -31.44974, 6.43376], "size": [1, 1, 9], "uv": [36, 0]},
						{"origin": [-15.5, -32.20841, 2.65813], "size": [1, 1, 4], "pivot": [-14.06111, -31.41502, 4.64315], "rotation": [22.5, 0, 0], "uv": [25, 46]},
						{"origin": [-15.5, -33.20841, 3.65813], "size": [1, 1, 3], "pivot": [-14.06111, -31.41502, 4.64315], "rotation": [22.5, 0, 0], "uv": [0, 2]},
						{"origin": [-16.5, -33.20841, -1.34187], "size": [1, 1, 8], "pivot": [-14.06111, -31.41502, 4.64315], "rotation": [22.5, 0, 0], "uv": [36, 10]},
						{"origin": [-16.5, -31.44974, 6.43376], "size": [1, 1, 11], "uv": [13, 25]},
						{"origin": [-16.5, -32.44974, 6.43376], "size": [1, 1, 8], "uv": [38, 19]},
						{"origin": [-15.5, -32.44974, 6.43376], "size": [1, 1, 10], "uv": [26, 25]},
						{"origin": [-13.78554, -32.19974, 5.47168], "size": [1, 1, 5], "pivot": [-14.06111, -31.41502, 4.64315], "rotation": [0, -22.5, 0], "uv": [43, 45]},
						{"origin": [-18.45001, -32.19974, 5.93324], "size": [1, 1, 3], "pivot": [-14.06111, -31.41502, 4.64315], "rotation": [0, 22.5, 0], "uv": [31, 46]},
						{"origin": [-18.0533, -32.45772, 6.43376], "size": [6, 0, 12], "pivot": [-14.06111, -31.41502, 4.64315], "rotation": [0, 0, 45], "uv": [0, 0]},
						{"origin": [-15.0533, -35.45772, 6.43376], "size": [0, 6, 12], "pivot": [-14.06111, -31.41502, 4.64315], "rotation": [0, 0, 45], "uv": [0, 12]},
						{"origin": [-13.28554, -32.70074, 4.47168], "size": [0, 2, 5], "pivot": [-14.06111, -31.41502, 4.64315], "rotation": [0, -22.5, 0], "uv": [0, 17]},
						{"origin": [-14.28554, -31.70074, 4.47168], "size": [2, 0, 5], "pivot": [-14.06111, -31.41502, 4.64315], "rotation": [0, -22.5, 0], "uv": [0, 0]},
						{"origin": [-18.95001, -31.70074, 4.93324], "size": [2, 0, 4], "pivot": [-14.06111, -31.41502, 4.64315], "rotation": [0, 22.5, 0], "uv": [28, 37]},
						{"origin": [-17.95001, -32.70074, 4.93324], "size": [0, 2, 4], "pivot": [-14.06111, -31.41502, 4.64315], "rotation": [0, 22.5, 0], "uv": [36, 2]},
						{"origin": [-15.75, -29.41587, 8.99366], "size": [0, 4, 5], "pivot": [-14.06111, -31.41502, 4.64315], "rotation": [-22.5, 0, 0], "uv": [0, 13]},
						{"origin": [-17.75, -27.41587, 8.99366], "size": [4, 0, 5], "pivot": [-14.06111, -31.41502, 4.64315], "rotation": [-22.5, 0, 0], "uv": [33, 28]},
						{"origin": [-17.749, -35.15397, 7.38612], "size": [4, 0, 5], "pivot": [-14.06111, -31.41502, 4.64315], "rotation": [22.5, 0, 0], "uv": [31, 10]},
						{"origin": [-15.749, -37.15397, 7.38612], "size": [0, 4, 5], "pivot": [-14.06111, -31.41502, 4.64315], "rotation": [22.5, 0, 0], "uv": [0, 9]},
						{"origin": [-15.5, -35.20841, -2.34187], "size": [0, 6, 10], "pivot": [-14.06111, -31.41502, 4.64315], "rotation": [22.5, 0, 0], "uv": [24, 9]},
						{"origin": [-18.5, -32.20841, -2.34187], "size": [6, 0, 10], "pivot": [-14.06111, -31.41502, 4.64315], "rotation": [22.5, 0, 0], "uv": [14, 0]}
					]
				}
			]
		}
	]
}

}