{
	"name": "Redwood Branches",
	"render_type": "bedrock",
	"hidden_parts": [none],
	"render_data" : {
	"format_version": "1.12.0",
	"minecraft:geometry": [
		{
			"description": {
				"identifier": "geometry.ki_branches_mpm",
				"texture_width": 64,
				"texture_height": 64,
				"visible_bounds_width": 4,
				"visible_bounds_height": 3,
				"visible_bounds_offset": [0, 0.5, 0]
			},
			"bones": [
				{
					"name": "1",
					"pivot": [-5.0239, 12.9368, 12.30631],
					"cubes": [
						{"origin": [-8, 2.25, 9], "size": [1, 1, 5], "pivot": [-12, 4, 14], "rotation": [0, 22.5, 0], "uv": [46, 10]},
						{"origin": [-9, 1.9205, -0.60927], "size": [1, 1, 8], "pivot": [-8, 2.9205, 7.39073], "rotation": [-22.5, 0, 0], "uv": [39, 36]},
						{"origin": [-8, 2.9205, 5.39073], "size": [1, 1, 2], "pivot": [-8, 2.9205, 7.39073], "rotation": [-22.5, 0, 0], "uv": [39, 41]},
						{"origin": [-8, 2, 7], "size": [1, 1, 9], "uv": [28, 36]},
						{"origin": [-8.25, 0, 5], "size": [1, 1, 5], "pivot": [-8, 10, 7], "rotation": [22.5, 0, 0], "uv": [25, 38]},
						{"origin": [-8.25, 5, 8], "size": [1, 1, 5], "pivot": [-8, 6, 7], "rotation": [-22.5, 0, 0], "uv": [17, 43]},
						{"origin": [-9, 2, 7], "size": [1, 1, 10], "uv": [0, 36]},
						{"origin": [-6.5, 2.25, 11], "size": [1, 1, 3], "pivot": [-5, 4, 10], "rotation": [0, -22.5, 0], "uv": [39, 46]},
						{"origin": [-10.29818, 3.60975, 2.4794], "size": [1, 1, 1], "pivot": [-14.29818, 4.60975, 10.4794], "rotation": [0, -22.5, 0], "uv": [50, 3]},
						{"origin": [-5.70182, 3.60975, 2.4794], "size": [1, 1, 1], "pivot": [-0.70182, 4.60975, 10.4794], "rotation": [0, 22.5, 0], "uv": [49, 41]},
						{"origin": [-8, 1.31273, 4.46855], "size": [1, 1, 1], "pivot": [-12, 2.31273, 11.46855], "rotation": [-22.5, 0, 0], "uv": [50, 5]},
						{"origin": [-8, 5.90493, 4.46932], "size": [1, 1, 1], "pivot": [-12, 5.90493, 11.46932], "rotation": [22.5, 0, 0], "uv": [50, 1]},
						{"origin": [-9, 5.51482, 1.91311], "size": [1, 1, 1], "pivot": [-13, -0.48518, 1.91311], "rotation": [22.5, 0, 0], "uv": [48, 25]},
						{"origin": [-11.29818, 7.50474, -0.38206], "size": [1, 1, 1], "pivot": [-15.29818, 0.50474, 0.61794], "rotation": [0, 0, 22.5], "uv": [48, 28]},
						{"origin": [-6.70182, 7.50474, -0.38206], "size": [1, 1, 1], "pivot": [-1.70182, 0.50474, 0.61794], "rotation": [0, 0, -22.5], "uv": [48, 30]},
						{"origin": [-9, 5.51558, -2.67909], "size": [1, 1, 1], "pivot": [-13, -0.48442, -1.67909], "rotation": [-22.5, 0, 0], "uv": [48, 32]},
						{"origin": [-8.25, 5.15016, 9.8373], "size": [1, 1, 1], "pivot": [-12.25, -0.84984, 9.8373], "rotation": [22.5, 0, 0], "uv": [13, 48]},
						{"origin": [-10.54818, 7.14008, 7.54212], "size": [1, 1, 1], "pivot": [-14.54818, 0.14008, 8.54212], "rotation": [0, 0, 22.5], "uv": [48, 19]},
						{"origin": [-5.95182, 7.14008, 7.54212], "size": [1, 1, 1], "pivot": [-0.95182, 0.14008, 8.54212], "rotation": [0, 0, -22.5], "uv": [48, 21]},
						{"origin": [-8.25, 5.15093, 5.2451], "size": [1, 1, 1], "pivot": [-12.25, -0.84907, 6.2451], "rotation": [-22.5, 0, 0], "uv": [48, 23]},
						{"origin": [-8.25, -0.53701, 10.89249], "size": [1, 1, 1], "pivot": [-12.25, 6.46299, 10.89249], "rotation": [-22.5, 0, 0], "uv": [47, 4]},
						{"origin": [-10.54818, -2.52693, 8.59732], "size": [1, 1, 1], "pivot": [-14.54818, 5.47307, 9.59732], "rotation": [0, 0, -22.5], "uv": [6, 47]},
						{"origin": [-5.95182, -2.52693, 8.59732], "size": [1, 1, 1], "pivot": [-0.95182, 5.47307, 9.59732], "rotation": [0, 0, 22.5], "uv": [47, 6]},
						{"origin": [-8.25, -0.53777, 6.30029], "size": [1, 1, 1], "pivot": [-12.25, 6.46223, 7.30029], "rotation": [22.5, 0, 0], "uv": [10, 47]},
						{"origin": [-10.45634, 4.54518, 10], "size": [1, 1, 1], "pivot": [-3.45634, 4.54518, 15], "rotation": [0, 0, -22.5], "uv": [20, 49]},
						{"origin": [-12.44626, 2.25, 12.29818], "size": [1, 1, 1], "pivot": [-4.44626, 3.25, 17.29818], "rotation": [0, -22.5, 0], "uv": [49, 35]},
						{"origin": [-12.44626, 2.25, 7.70182], "size": [1, 1, 1], "pivot": [-4.44626, 3.25, 3.70182], "rotation": [0, 22.5, 0], "uv": [49, 37]},
						{"origin": [-10.45711, -0.04702, 10], "size": [1, 1, 1], "pivot": [-3.45711, 0.95298, 15], "rotation": [0, 0, 22.5], "uv": [49, 39]},
						{"origin": [-6.29289, -0.29702, 12], "size": [1, 1, 1], "pivot": [-12.29289, 0.70298, 17], "rotation": [0, 0, -22.5], "uv": [0, 49]},
						{"origin": [-4.30374, 2, 14.29818], "size": [1, 1, 1], "pivot": [-11.30374, 3, 19.29818], "rotation": [0, 22.5, 0], "uv": [6, 49]},
						{"origin": [-4.30374, 2, 9.70182], "size": [1, 1, 1], "pivot": [-11.30374, 3, 5.70182], "rotation": [0, -22.5, 0], "uv": [10, 49]},
						{"origin": [-6.29366, 4.29518, 12], "size": [1, 1, 1], "pivot": [-12.29366, 4.29518, 17], "rotation": [0, 0, 22.5], "uv": [16, 49]},
						{"origin": [-11, 2.5, 6], "size": [6, 0, 12], "pivot": [-8, 2.5, 12], "rotation": [0, 0, 45], "uv": [0, 12]},
						{"origin": [-8, -0.5, 6], "size": [0, 6, 12], "pivot": [-8, 2.5, 12], "rotation": [0, 0, 45], "uv": [0, 18]},
						{"origin": [-3.31366, 1.75, 10.32398], "size": [0, 2, 5], "pivot": [-2.81366, 0.75, 3.32398], "rotation": [0, -22.5, 0], "uv": [26, 28]},
						{"origin": [-4.31366, 2.75, 10.32398], "size": [2, 0, 5], "pivot": [-2.81366, 0.75, 3.32398], "rotation": [0, -22.5, 0], "uv": [34, 36]},
						{"origin": [-8.31366, 2.75, 4.67602], "size": [2, 0, 5], "pivot": [-2.81366, 0.75, 12.67602], "rotation": [0, 22.5, 0], "uv": [0, 36]},
						{"origin": [-7.31366, 1.75, 4.67602], "size": [0, 2, 5], "pivot": [-2.81366, 0.75, 12.67602], "rotation": [0, 22.5, 0], "uv": [26, 26]},
						{"origin": [-8.5, -0.5, -2], "size": [0, 6, 9], "pivot": [-8, 3, 7], "rotation": [-22.5, 0, 0], "uv": [12, 28]},
						{"origin": [-11.5, 2.5, -2], "size": [6, 0, 9], "pivot": [-8, 3, 7], "rotation": [-22.5, 0, 0], "uv": [15, 10]},
						{"origin": [-7.75, 3.25, 6], "size": [0, 4, 6], "pivot": [-8, 3, 7], "rotation": [-22.5, 0, 0], "uv": [0, 4]},
						{"origin": [-9.75, 5.25, 6], "size": [4, 0, 6], "pivot": [-8, 3, 7], "rotation": [-22.5, 0, 0], "uv": [30, 0]},
						{"origin": [-7.5, 3.31277, 3.98374], "size": [0, 2, 4], "pivot": [-7.5, 2.31277, 4.98374], "rotation": [-22.5, 0, 0], "uv": [36, 11]},
						{"origin": [-8.5, 4.31277, 3.98374], "size": [2, 0, 4], "pivot": [-7.5, 2.31277, 4.98374], "rotation": [-22.5, 0, 0], "uv": [39, 36]},
						{"origin": [-9.75, 0.75, 3], "size": [4, 0, 6], "pivot": [-8, 13, 7], "rotation": [22.5, 0, 0], "uv": [20, 25]},
						{"origin": [-7.75, -1.25, 3], "size": [0, 4, 6], "pivot": [-8, 13, 7], "rotation": [22.5, 0, 0], "uv": [0, 0]}
					]
				},
				{
					"name": "2",
					"pivot": [-12.21946, 18.64665, 17.8819],
					"cubes": [
						{"origin": [-8.75, -6.75, 9.25], "size": [1, 1, 4], "pivot": [-8, -6, 6], "rotation": [22.5, 0, 0], "uv": [0, 47]},
						{"origin": [-8.75, 1.75, 19.25], "size": [1, 1, 4], "pivot": [-8, 22, 6], "rotation": [-22.5, 0, 0], "uv": [0, 41]},
						{"origin": [-9, -2.92718, 0.37461], "size": [1, 1, 6], "pivot": [-8, -2.92718, 6.37461], "rotation": [22.5, 0, 0], "uv": [40, 28]},
						{"origin": [-8, -3, 6], "size": [1, 1, 9], "uv": [36, 0]},
						{"origin": [-8, -2.92718, 2.37461], "size": [1, 1, 4], "pivot": [-8, -2.92718, 6.37461], "rotation": [22.5, 0, 0], "uv": [25, 46]},
						{"origin": [-8, -3.92718, 3.37461], "size": [1, 1, 3], "pivot": [-8, -2.92718, 6.37461], "rotation": [22.5, 0, 0], "uv": [0, 2]},
						{"origin": [-9, -3.92718, -1.62539], "size": [1, 1, 8], "pivot": [-8, -2.92718, 6.37461], "rotation": [22.5, 0, 0], "uv": [36, 10]},
						{"origin": [-9, -3, 6], "size": [1, 1, 11], "uv": [13, 25]},
						{"origin": [-9, -4, 6], "size": [1, 1, 8], "uv": [38, 19]},
						{"origin": [-8, -4, 6], "size": [1, 1, 10], "uv": [26, 25]},
						{"origin": [-8, -3.75, 6], "size": [1, 1, 5], "pivot": [-5, -4, 9], "rotation": [0, -22.5, 0], "uv": [43, 45]},
						{"origin": [-8, -3.75, 8.25], "size": [1, 1, 3], "pivot": [-12, -4, 13], "rotation": [0, 22.5, 0], "uv": [31, 46]},
						{"origin": [-11, -3.001, 6], "size": [6, 0, 12], "pivot": [-8, -3.001, 12], "rotation": [0, 0, 45], "uv": [0, 0]},
						{"origin": [-8, -6.001, 6], "size": [0, 6, 12], "pivot": [-8, -3.001, 12], "rotation": [0, 0, 45], "uv": [0, 12]},
						{"origin": [-1.30094, -4.251, 5.83524], "size": [0, 2, 5], "pivot": [0.19906, 2.749, -6.16476], "rotation": [0, -22.5, 0], "uv": [0, 17]},
						{"origin": [-2.30094, -3.251, 5.83524], "size": [2, 0, 5], "pivot": [0.19906, 2.749, -6.16476], "rotation": [0, -22.5, 0], "uv": [0, 0]},
						{"origin": [-15.25249, -3.251, 6.80294], "size": [2, 0, 4], "pivot": [-14.25249, 2.249, -4.19706], "rotation": [0, 22.5, 0], "uv": [28, 37]},
						{"origin": [-14.25249, -4.251, 6.80294], "size": [0, 2, 4], "pivot": [-14.25249, 2.249, -4.19706], "rotation": [0, 22.5, 0], "uv": [36, 2]},
						{"origin": [-8.25, -3.39214, 12.05524], "size": [0, 4, 5], "pivot": [-7.5, 4.60786, 12.05524], "rotation": [-22.5, 0, 0], "uv": [0, 13]},
						{"origin": [-10.25, -1.39214, 12.05524], "size": [4, 0, 5], "pivot": [-7.5, 4.60786, 12.05524], "rotation": [-22.5, 0, 0], "uv": [33, 28]},
						{"origin": [-10.249, -5.78651, 4.0801], "size": [4, 0, 5], "pivot": [-7.999, 4.71349, 5.0801], "rotation": [22.5, 0, 0], "uv": [31, 10]},
						{"origin": [-8.249, -7.78651, 4.0801], "size": [0, 4, 5], "pivot": [-7.999, 4.71349, 5.0801], "rotation": [22.5, 0, 0], "uv": [0, 9]},
						{"origin": [-8, -7.4939, -4.50179], "size": [0, 6, 10], "pivot": [-12, 1.0061, 1.49821], "rotation": [22.5, 0, 0], "uv": [24, 9]},
						{"origin": [-11, -4.4939, -4.50179], "size": [6, 0, 10], "pivot": [-12, 1.0061, 1.49821], "rotation": [22.5, 0, 0], "uv": [14, 0]},
						{"origin": [-6.69971, -1.45482, 4.00665], "size": [1, 1, 1], "pivot": [-10.69971, -1.45482, 11.00665], "rotation": [22.5, 0, 0], "uv": [32, 41]},
						{"origin": [-4.40153, -3.75, 2.01673], "size": [1, 1, 1], "pivot": [0.59847, -2.75, 10.01673], "rotation": [0, 22.5, 0], "uv": [6, 41]},
						{"origin": [-8.99789, -3.75, 2.01673], "size": [1, 1, 1], "pivot": [-12.99789, -2.75, 10.01673], "rotation": [0, -22.5, 0], "uv": [0, 40]},
						{"origin": [-6.69971, -6.04702, 4.00589], "size": [1, 1, 1], "pivot": [-10.69971, -5.04702, 11.00589], "rotation": [-22.5, 0, 0], "uv": [38, 25]},
						{"origin": [-6.45182, 0.66714, 10.49206], "size": [1, 1, 1], "pivot": [-1.45182, -6.33286, 11.49206], "rotation": [0, 0, -22.5], "uv": [12, 43]},
						{"origin": [-8.75, -1.32201, 8.19504], "size": [1, 1, 1], "pivot": [-12.75, -7.32201, 9.19504], "rotation": [-22.5, 0, 0], "uv": [6, 43]},
						{"origin": [-8.75, -1.32278, 12.78724], "size": [1, 1, 1], "pivot": [-12.75, -7.32278, 12.78724], "rotation": [22.5, 0, 0], "uv": [42, 25]},
						{"origin": [-11.04818, 0.66714, 10.49206], "size": [1, 1, 1], "pivot": [-15.04818, -6.33286, 11.49206], "rotation": [0, 0, 22.5], "uv": [0, 42]},
						{"origin": [-6.70182, -9.43529, -1.01551], "size": [1, 1, 1], "pivot": [-1.70182, -1.43529, -0.01551], "rotation": [0, 0, 22.5], "uv": [0, 38]},
						{"origin": [-9, -7.44614, -3.31253], "size": [1, 1, 1], "pivot": [-13, -0.44614, -2.31253], "rotation": [22.5, 0, 0], "uv": [0, 36]},
						{"origin": [-9, -7.44537, 1.27967], "size": [1, 1, 1], "pivot": [-13, -0.44537, 1.27967], "rotation": [-22.5, 0, 0], "uv": [8, 4]},
						{"origin": [-11.29818, -9.43529, -1.01551], "size": [1, 1, 1], "pivot": [-15.29818, -1.43529, -0.01551], "rotation": [0, 0, -22.5], "uv": [0, 0]},
						{"origin": [-11.04818, -7.97195, 8.90786], "size": [1, 1, 1], "pivot": [-15.04818, 0.02805, 9.90786], "rotation": [0, 0, -22.5], "uv": [46, 10]},
						{"origin": [-8.75, -5.9828, 6.61084], "size": [1, 1, 1], "pivot": [-12.75, 1.0172, 7.61084], "rotation": [22.5, 0, 0], "uv": [24, 44]},
						{"origin": [-8.75, -5.98203, 11.20304], "size": [1, 1, 1], "pivot": [-12.75, 1.01797, 11.20304], "rotation": [-22.5, 0, 0], "uv": [43, 40]},
						{"origin": [-6.45182, -7.97195, 8.90786], "size": [1, 1, 1], "pivot": [-1.45182, 0.02805, 9.90786], "rotation": [0, 0, 22.5], "uv": [16, 43]},
						{"origin": [-10.82857, -1.45482, 6.83084], "size": [1, 1, 1], "pivot": [-3.82857, -1.45482, 11.83084], "rotation": [0, 0, -22.5], "uv": [36, 46]},
						{"origin": [-12.81849, -3.75, 4.53266], "size": [1, 1, 1], "pivot": [-4.81849, -2.75, 0.53266], "rotation": [0, 22.5, 0], "uv": [24, 46]},
						{"origin": [-12.81849, -3.75, 9.12902], "size": [1, 1, 1], "pivot": [-4.81849, -2.75, 14.12902], "rotation": [0, -22.5, 0], "uv": [46, 16]},
						{"origin": [-10.82933, -6.04702, 6.83084], "size": [1, 1, 1], "pivot": [-3.82933, -5.04702, 11.83084], "rotation": [0, 0, 22.5], "uv": [46, 12]},
						{"origin": [-4.80374, -5, 12.54818], "size": [1, 1, 1], "pivot": [-11.80374, -4, 17.54818], "rotation": [0, 22.5, 0], "uv": [47, 2]},
						{"origin": [-4.80374, -5, 7.95182], "size": [1, 1, 1], "pivot": [-11.80374, -4, 3.95182], "rotation": [0, -22.5, 0], "uv": [47, 0]},
						{"origin": [-6.79366, -2.70482, 10.25], "size": [1, 1, 1], "pivot": [-12.79366, -2.70482, 15.25], "rotation": [0, 0, 22.5], "uv": [0, 47]},
						{"origin": [-6.79289, -7.29702, 10.25], "size": [1, 1, 1], "pivot": [-12.79289, -6.29702, 15.25], "rotation": [0, 0, -22.5], "uv": [44, 46]}
					]
				}
			]
		}
	]
},
	"texture": "moreplayermodels:textures/custom/kibranches_mpm.png",
	"body_part": "head",
	"menu": "♥ Customs",
	"preview_rotation": 315,
	"translate": [-3.25, -9, 4],
	"scale": [0.3, 0.3, 0.3],
	"rotate_offset": [0, 0, 0.0],
	"rotate": [-150, -30, 0],
	"author": "Ruvy"
}