{"name":"armor_head","menu":"_Equipment","author":"Anfauglir/Valaron/Jakob","body_part":"head","hidden_parts":[],"texture":"moreplayermodels:textures/equip/armor_head.png","can_use_player_skin":false,"preview_rotation":45,"render_type":"bedrock","render_data":{"format_version":"1.12.0","minecraft:geometry":[{"description":{"identifier":"geometry.unknown","texture_width":64,"texture_height":64,"visible_bounds_width":3,"visible_bounds_height":2.5,"visible_bounds_offset":[0,0.75,0]},"bones":[{"name":"head","pivot":[0,0,0],"cubes":[{"origin":[-4,-2,-4],"size":[8,10,8],"inflate":0.51,"uv":[0,16]},{"origin":[-4,0,-4],"size":[8,8,8],"inflate":0.65,"uv":[0,0]},{"origin":[-0.5,10,-5],"size":[1,2,10],"uv":[24,6]},{"origin":[-1,8.5,-3],"size":[2,2,2],"uv":[32,0]},{"origin":[-1,8.5,1],"size":[2,2,2],"uv":[24,0]},{"origin":[-0.5,1.87868,5.12132],"size":[1,8,2],"uv":[32,20]},{"origin":[-0.5,10.44017,-8.93734],"size":[1,2,3],"inflate":0.002,"pivot":[0.498,13.35155,-4.93734],"rotation":[45,0,0],"uv":[0,16]},{"origin":[-0.5,10.44017,5.93734],"size":[1,2,3],"inflate":0.002,"pivot":[0.498,13.35155,4.93734],"rotation":[-45,0,0],"uv":[0,0]},{"origin":[0,9.50283,-9.62132],"size":[0,4,5],"inflate":0.002,"pivot":[-0.002,12.00283,-7.12132],"rotation":[45,0,0],"uv":[24,13]},{"origin":[0,12,-6],"size":[0,3,12],"uv":[0,22]},{"origin":[0,10.5,4.62415],"size":[0,3,5],"inflate":0.002,"pivot":[0,12,7.12415],"rotation":[-45,0,0],"uv":[24,0]},{"origin":[0,-2.12132,6.12132],"size":[0,13,4],"uv":[24,30]}]}]}]}}