{"name":"armor_legs","menu":"_Equipment","author":"Anfauglir/Valaron/Jakob","body_part":"legs","hidden_parts":[],"texture":"moreplayermodels:textures/equip/armor_legs.png","can_use_player_skin":false,"preview_rotation":45,"animation_type":"legs","render_type":"bedrock","render_data":{"format_version":"1.12.0","minecraft:geometry":[{"description":{"identifier":"geometry.unknown","texture_width":32,"texture_height":32,"visible_bounds_width":2,"visible_bounds_height":1.5,"visible_bounds_offset":[0,-0.25,0]},"bones":[{"name":"right_leg","pivot":[-2,-12,0],"cubes":[{"origin":[-6.25,-15,-3.25],"size":[4,3,4],"pivot":[-3,-16.5,0],"rotation":[0,45,27.5],"uv":[0,7]},{"origin":[-5.42355,-16.40348,-1.5],"size":[3,3,3],"pivot":[-3.92355,-15.40348,0],"rotation":[0,45,5],"uv":[9,17]},{"origin":[-4.84987,-18.4594,-1.5],"size":[3,3,3],"inflate":-0.13,"pivot":[-3.34987,-16.9594,0],"rotation":[0,45,-10],"uv":[0,14]}]},{"name":"left_leg","pivot":[2,-12,0],"cubes":[{"origin":[2.25,-15,-3.25],"size":[4,3,4],"pivot":[3,-16.5,0],"rotation":[0,-45,-27.5],"uv":[0,0]},{"origin":[2.42355,-16.40348,-1.5],"size":[3,3,3],"pivot":[3.92355,-15.40348,0],"rotation":[0,-45,-5],"uv":[13,11]},{"origin":[1.84987,-18.4594,-1.5],"size":[3,3,3],"inflate":-0.13,"pivot":[3.34987,-16.9594,0],"rotation":[0,-45,10],"uv":[13,4]}]}]}]}}