{"name":"glasses_6","menu":"_Equipment","author":"Anfauglir/Valaron/Jakob","parent":"moreplayermodels:parts/equip/glasses_1.json","body_part":"head","hidden_parts":[],"texture":"moreplayermodels:textures/equip/glasses/glasses_6.png","can_use_player_skin":false,"preview_rotation":45,"render_type":"bedrock","render_data":{"format_version":"1.12.0","minecraft:geometry":[{"description":{"identifier":"geometry.unknown","texture_width":32,"texture_height":32,"visible_bounds_width":2,"visible_bounds_height":2.5,"visible_bounds_offset":[0,0.75,0]},"bones":[{"name":"glasses","pivot":[0,0,0],"cubes":[{"origin":[-4,0,-4],"size":[8,8,8],"inflate":0.2,"uv":[0,0]}]}]}]}}