{
	"name": "Back_Mane",
	"render_type": "bedrock",
	"hidden_parts": [],
	"render_data" : {
	"format_version": "1.12.0",
	"minecraft:geometry": [
		{
			"description": {
				"identifier": "geometry.unknown",
				"texture_width": 32,
				"texture_height": 32,
				"visible_bounds_width": 2,
				"visible_bounds_height": 2.5,
				"visible_bounds_offset": [0, 0.75, 0]
			},
			"bones": [
				{
					"name": "backfluff",
					"pivot": [0, 0, 0]
				},
				{
					"name": "bone151",
					"parent": "backfluff",
					"pivot": [0, 21, 4],
					"cubes": [
						{"origin": [-0.0025, 12, 2], "size": [0, 12, 4], "uv": [16, 12]},
						{"origin": [0.0025, 12, 2], "size": [0, 12, 4], "uv": [16, 0]}
					]
				},
				{
					"name": "bone152",
					"parent": "backfluff",
					"pivot": [1.5, 24, 1.5],
					"rotation": [0, 10, 0],
					"cubes": [
						{"origin": [1.4975, 12, 1.5], "size": [0, 12, 4], "uv": [8, 12]},
						{"origin": [1.5025, 12, 1.5], "size": [0, 12, 4], "uv": [0, 12]}
					]
				},
				{
					"name": "bone153",
					"parent": "backfluff",
					"pivot": [-1.5, 24, 1.5],
					"rotation": [0, -10, 0],
					"cubes": [
						{"origin": [-1.4975, 12, 1.5], "size": [0, 12, 4], "uv": [8, 0]},
						{"origin": [-1.5025, 12, 1.5], "size": [0, 12, 4], "uv": [0, 0]}
					]
				}
			]
		}
	]
},
	"texture": "moreplayermodels:textures/backmane.png",
	"body_part": "body",
	"menu": "CORVUS_Body",
	"preview_rotation": 135,
	"translate": [0, 12, 0],
	"scale": [1.0, 1.0, 1.0],
	"rotate_offset": [0, -12, 0.0],
	"rotate": [0.0, 0, 0.0],
	"can_use_player_skin" : true,
	"author": "nymphbat"
}