{
	"name": "Chest_Fluff",
	"render_type": "bedrock",
	"hidden_parts": [],
	"render_data" : {
	"format_version": "1.12.0",
	"minecraft:geometry": [
		{
			"description": {
				"identifier": "geometry.unknown",
				"texture_width": 16,
				"texture_height": 16,
				"visible_bounds_width": 2,
				"visible_bounds_height": 3.5,
				"visible_bounds_offset": [0, 1.25, 0]
			},
			"bones": [
				{
					"name": "chest_fluff",
					"pivot": [0, 0, 0]
				},
				{
					"name": "bone347",
					"parent": "chest_fluff",
					"pivot": [0, 23.5, -1],
					"rotation": [-42.5, 0, 0],
					"cubes": [
						{"origin": [-3.5, 20.5, -2], "size": [7, 3, 0], "uv": [0, 0]}
					]
				},
				{
					"name": "bone346",
					"parent": "chest_fluff",
					"pivot": [-0.5, 22.5, -1],
					"rotation": [-35, 0, 0],
					"cubes": [
						{"origin": [-3, 19.5, -2], "size": [6, 3, 0], "uv": [0, 3]}
					]
				},
				{
					"name": "bone348",
					"parent": "chest_fluff",
					"pivot": [-1, 21.5, -1],
					"rotation": [-20, 0, 0],
					"cubes": [
						{"origin": [-2.5, 17.5, -2], "size": [5, 4, 0], "uv": [0, 6]}
					]
				}
			]
		}
	]
},
	"texture": "moreplayermodels:textures/chestfluff.png",
	"body_part": "body",
	"menu": "CORVUS_Body",
	"preview_rotation": 45,
	"translate": [0, 12, 0],
	"scale": [1.0, 1.0, 1.0],
	"rotate_offset": [0, -12, 0.0],
	"rotate": [0.0, 0, 0.0],
	"can_use_player_skin" : true,
	"author": "nymphbat"
}