{
	"name": "Leg_Fins",
	"render_type": "bedrock",
	"hidden_parts": [],
	"render_data" : {
	"format_version": "1.12.0",
	"minecraft:geometry": [
		{
			"description": {
				"identifier": "geometry.unknown",
				"texture_width": 16,
				"texture_height": 16,
				"visible_bounds_width": 2,
				"visible_bounds_height": 3,
				"visible_bounds_offset": [0, 0.5, 0]
			},
			"bones": [
				{
					"name": "left_leg",
					"pivot": [1.9, 12, 0]
				},
				{
					"name": "bone316",
					"parent": "left_leg",
					"pivot": [3, 0.5, 2],
					"rotation": [10, 0, 0],
					"cubes": [
						{"origin": [3, 0.5, 2], "size": [0, 3, 3], "uv": [6, 3]}
					]
				},
				{
					"name": "bone317",
					"parent": "bone316",
					"pivot": [3, 8, 3],
					"rotation": [-10, 0, 0],
					"cubes": [
						{"origin": [3, 5, 2], "size": [0, 6, 3], "uv": [0, 6]}
					]
				},
				{
					"name": "right_leg",
					"pivot": [-1.9, 12, 0]
				},
				{
					"name": "bone318",
					"parent": "right_leg",
					"pivot": [-3, 0.5, 2],
					"rotation": [10, 0, 0],
					"cubes": [
						{"origin": [-3, 0.5, 2], "size": [0, 3, 3], "uv": [6, 0]}
					]
				},
				{
					"name": "bone319",
					"parent": "bone318",
					"pivot": [-3, 8, 3],
					"rotation": [-10, 0, 0],
					"cubes": [
						{"origin": [-3, 5, 2], "size": [0, 6, 3], "uv": [0, 0]}
					]
				}
			]
		}
	]
},
	"texture": "moreplayermodels:textures/legfin.png",
	"body_part": "legs",
	"menu": "CORVUS_Body",
	"animation_type": "legs",
	"preview_rotation": 135,
	"can_use_player_skin" : true,
	"author": "nymphbat"
}