{
	"name": "Talons",
	"render_type": "bedrock",
	"hidden_parts": [],
	"render_data" : {
	"format_version": "1.12.0",
	"minecraft:geometry": [
		{
			"description": {
				"identifier": "geometry.unknown",
				"texture_width": 16,
				"texture_height": 16,
				"visible_bounds_width": 2,
				"visible_bounds_height": 1.5,
				"visible_bounds_offset": [0, 0.25, 0]
			},
			"bones": [
				{
					"name": "right_leg",
					"pivot": [-1.9, 12, 0]
				},
				{
					"name": "bone140",
					"parent": "right_leg",
					"pivot": [-2.95, 1, -2],
					"rotation": [10, 0, 0],
					"cubes": [
						{"origin": [-3.55, 0, -4], "size": [0, 2, 3], "uv": [6, 0]}
					]
				},
				{
					"name": "bone141",
					"parent": "right_leg",
					"pivot": [-3.85, 1, -2],
					"rotation": [10, 0, 0],
					"cubes": [
						{"origin": [-2.5, 0, -4], "size": [0, 2, 3], "uv": [0, 6]}
					]
				},
				{
					"name": "bone142",
					"parent": "right_leg",
					"pivot": [-1.85, 1, -2],
					"rotation": [10, 0, 0],
					"cubes": [
						{"origin": [-1.5, 0, -4], "size": [0, 2, 3], "uv": [0, 4]}
					]
				},
				{
					"name": "bone150",
					"parent": "right_leg",
					"pivot": [-1.75, 2, 3],
					"rotation": [30, 0, 0],
					"cubes": [
						{"origin": [-1.25, 1, 1], "size": [0, 2, 3], "uv": [0, 2]}
					]
				},
				{
					"name": "bone219",
					"parent": "right_leg",
					"pivot": [-1.05, 1, -2],
					"rotation": [10, 0, 0],
					"cubes": [
						{"origin": [-0.55, 0, -4], "size": [0, 2, 3], "uv": [0, 0]}
					]
				},
				{
					"name": "left_leg",
					"pivot": [1.9, 12, 0]
				},
				{
					"name": "bone129",
					"parent": "left_leg",
					"pivot": [2.95, 1, -2],
					"rotation": [10, 0, 0],
					"cubes": [
						{"origin": [3.55, 0, -4], "size": [0, 2, 3], "uv": [6, 8]}
					]
				},
				{
					"name": "bone131",
					"parent": "left_leg",
					"pivot": [3.85, 1, -2],
					"rotation": [10, 0, 0],
					"cubes": [
						{"origin": [2.5, 0, -4], "size": [0, 2, 3], "uv": [0, 8]}
					]
				},
				{
					"name": "bone130",
					"parent": "left_leg",
					"pivot": [1.85, 1, -2],
					"rotation": [10, 0, 0],
					"cubes": [
						{"origin": [1.5, 0, -4], "size": [0, 2, 3], "uv": [6, 6]}
					]
				},
				{
					"name": "bone132",
					"parent": "left_leg",
					"pivot": [1.75, 2, 3],
					"rotation": [30, 0, 0],
					"cubes": [
						{"origin": [1.25, 1, 1], "size": [0, 2, 3], "uv": [6, 4]}
					]
				},
				{
					"name": "bone128",
					"parent": "left_leg",
					"pivot": [1.05, 1, -2],
					"rotation": [10, 0, 0],
					"cubes": [
						{"origin": [0.55, 0, -4], "size": [0, 2, 3], "uv": [6, 2]}
					]
				}
			]
		}
	]
},
	"texture": "moreplayermodels:textures/talons.png",
	"body_part": "legs",
	"menu": "CORVUS_Body",
	"animation_type": "legs",
	"preview_rotation": 45,
	"can_use_player_skin" : true,
	"author": "nymphbat"
}