{
	"name": "Legendary Dragon Body A",
	"render_type": "bedrock",
	"hidden_parts": [BODY],
	"render_data" : {
	"format_version": "1.12.0",
	"minecraft:geometry": [
		{
			"description": {
				"identifier": "geometry.steve",
				"texture_width": 256,
				"texture_height": 256,
				"visible_bounds_width": 15,
				"visible_bounds_height": 4.5,
				"visible_bounds_offset": [0, 1.75, 0]
			},
			"bones": [
				{
					"name": "anchor",
					"pivot": [0, 24, 0],
					"cubes": []
				},
				{
					"name": "body",
					"parent": "anchor",
					"pivot": [0, 23, 14],
					"cubes": [
						{"origin": [-6, 15.85, 0], "size": [12, 12, 14], "uv": [130, 34]},
						{"origin": [-6, 18.35, 14], "size": [12, 10, 12], "uv": [49, 61]},
						{"origin": [-1, 29.35, 9.13604], "size": [2, 2, 2], "pivot": [12, 27.85, 7.63604], "rotation": [-45, 0, 0], "uv": [94, 194]},
						{"origin": [-1, 26.35, 6.13604], "size": [2, 2, 2], "pivot": [12, 27.85, 7.63604], "rotation": [-45, 0, 0], "uv": [85, 194]},
						{"origin": [-1, 23.35, 3.13604], "size": [2, 2, 2], "pivot": [12, 27.85, 7.63604], "rotation": [-45, 0, 0], "uv": [76, 194]},
						{"origin": [-1, 32.23604, 15.93629], "size": [2, 2, 2], "pivot": [17, 21.98604, 14.68629], "rotation": [-45, 0, 0], "uv": [49, 194]},
						{"origin": [-1, 29.23604, 12.93629], "size": [2, 2, 2], "pivot": [17, 21.98604, 14.68629], "rotation": [-45, 0, 0], "uv": [58, 194]},
						{"origin": [-1, 26.23604, 9.93629], "size": [2, 2, 2], "pivot": [17, 21.98604, 14.68629], "rotation": [-45, 0, 0], "uv": [67, 194]}
					]
				},
				{
					"name": "tail",
					"parent": "body",
					"pivot": [0, 25.35, 26],
					"cubes": [
						{"origin": [-4, 22.35, 26], "size": [8, 6, 16], "uv": [0, 61]},
						{"origin": [-1, 25.98604, 26.03984], "size": [2, 2, 2], "pivot": [20, 21.98604, 31.03984], "rotation": [-45, 0, 0], "uv": [108, 187]},
						{"origin": [-1, 22.98604, 23.03984], "size": [2, 2, 2], "pivot": [20, 21.98604, 31.03984], "rotation": [-45, 0, 0], "uv": [81, 187]},
						{"origin": [-1, 28.98604, 29.03984], "size": [2, 2, 2], "pivot": [20, 21.98604, 31.03984], "rotation": [-45, 0, 0], "uv": [99, 187]},
						{"origin": [-1, 31.98604, 32.03984], "size": [2, 2, 2], "pivot": [20, 21.98604, 31.03984], "rotation": [-45, 0, 0], "uv": [90, 187]}
					]
				},
				{
					"name": "tail1",
					"parent": "tail",
					"pivot": [0, 26.35, 42],
					"cubes": [
						{"origin": [-3, 24.35, 42], "size": [6, 4, 16], "uv": [98, 61]},
						{"origin": [-1, 31.88604, 48.2934], "size": [2, 2, 2], "pivot": [22, 21.98604, 47.3934], "rotation": [-45, 0, 0], "uv": [72, 187]},
						{"origin": [-1, 28.88604, 45.2934], "size": [2, 2, 2], "pivot": [22, 21.98604, 47.3934], "rotation": [-45, 0, 0], "uv": [63, 187]},
						{"origin": [-1, 25.88604, 42.2934], "size": [2, 2, 2], "pivot": [22, 21.98604, 47.3934], "rotation": [-45, 0, 0], "uv": [54, 187]},
						{"origin": [-1, 22.88604, 39.2934], "size": [2, 2, 2], "pivot": [22, 21.98604, 47.3934], "rotation": [-45, 0, 0], "uv": [45, 187]}
					]
				},
				{
					"name": "tail2",
					"parent": "tail1",
					"pivot": [0, 27.35, 58],
					"cubes": [
						{"origin": [-2, 26.35, 58], "size": [4, 2, 16], "uv": [143, 61]},
						{"origin": [-1, 22.78604, 55.33482], "size": [2, 2, 2], "pivot": [23, 21.98604, 63.53482], "rotation": [-45, 0, 0], "uv": [36, 187]},
						{"origin": [-1, 25.78604, 58.33482], "size": [2, 2, 2], "pivot": [23, 21.98604, 63.53482], "rotation": [-45, 0, 0], "uv": [27, 187]},
						{"origin": [-1, 28.78604, 61.33482], "size": [2, 2, 2], "inflate": -0.25, "pivot": [23, 21.98604, 63.53482], "rotation": [-45, 0, 0], "uv": [18, 187]},
						{"origin": [-1, 31.78604, 64.33482], "size": [2, 2, 2], "inflate": -0.25, "pivot": [23, 21.98604, 63.53482], "rotation": [-45, 0, 0], "uv": [9, 187]}
					]
				},
				{
					"name": "tail3",
					"parent": "tail2",
					"pivot": [0, 27.35, 74],
					"cubes": [
						{"origin": [-1, 26.35, 74], "size": [2, 2, 16], "uv": [0, 84]},
						{"origin": [-2, 25.35, 90], "size": [4, 4, 5], "uv": [76, 159]},
						{"origin": [-1.5, 25.85, 95], "size": [3, 3, 4], "uv": [34, 176]},
						{"origin": [-1, 26.35, 99], "size": [2, 2, 3], "uv": [94, 176]},
						{"origin": [-1, 22.68604, 71.37624], "size": [2, 2, 2], "inflate": -0.25, "pivot": [23, 21.98604, 79.67624], "rotation": [-45, 0, 0], "uv": [0, 187]},
						{"origin": [-1, 25.68604, 74.37624], "size": [2, 2, 2], "inflate": -0.25, "pivot": [23, 21.98604, 79.67624], "rotation": [-45, 0, 0], "uv": [123, 176]},
						{"origin": [-1, 28.68604, 77.37624], "size": [2, 2, 2], "inflate": -0.25, "pivot": [23, 21.98604, 79.67624], "rotation": [-45, 0, 0], "uv": [114, 181]},
						{"origin": [-1, 31.68604, 80.37624], "size": [2, 2, 2], "inflate": -0.25, "pivot": [23, 21.98604, 79.67624], "rotation": [-45, 0, 0], "uv": [114, 176]}
					]
				}
			]
		}
	]
},
	"texture": "moreplayermodels:textures/legendary_dragon/dragon_a.png",
	"body_part": "body",
	"menu": "♥ Dragon A",
	"animation_inherit": "legendary_dragon",
	"preview_rotation": 45,
	"translate": [0, 36, -14.25],
	"scale": [1.5, 1.5, 1.5],
	"rotate_offset": [0, 0, 0],
	"rotate": [0.0, 0, 0.0],
	"author": "Ruvy"
}