{
	"name": "Legendary Dragon Legs A",
	"render_type": "bedrock",
	"hidden_parts": [ARMS, LEGS],
	"render_data" : {
	"format_version": "1.12.0",
	"minecraft:geometry": [
		{
			"description": {
				"identifier": "geometry.steve",
				"texture_width": 256,
				"texture_height": 256,
				"visible_bounds_width": 15,
				"visible_bounds_height": 4.5,
				"visible_bounds_offset": [0, 1.75, 0]
			},
			"bones": [
				{
					"name": "anchor",
					"pivot": [0, 24, 0],
					"cubes": []
				},
				{
					"name": "left_arm",
					"parent": "anchor",
					"pivot": [6.90599, 23.74953, 4.69126],
					"cubes": [
						{"origin": [7.5, 18.03822, -1.02237], "size": [4, 10, 6], "pivot": [9.5, 15.49688, 3.01569], "rotation": [-20.74622, -9.84655, -10.15108], "uv": [54, 122]}
					]
				},
				{
					"name": "left_arm1",
					"parent": "left_arm",
					"pivot": [8.5454, 19.47033, 6.24592],
					"cubes": [
						{"origin": [6.79661, 9.90362, 3.16638], "size": [4, 12, 4], "inflate": -0.1, "pivot": [8.82161, 12.83728, 4.67944], "rotation": [-22.5, -10, 0], "uv": [51, 142]}
					]
				},
				{
					"name": "left_arm_paw",
					"parent": "left_arm1",
					"pivot": [9.10779, 10.91564, 4.05642],
					"cubes": [
						{"origin": [6.82161, 7.91564, 0.03139], "size": [4, 4, 6], "pivot": [8.82161, 12.83728, 4.67944], "rotation": [0, -10, 0], "uv": [42, 159]},
						{"origin": [10.82161, 7.91564, -2.96861], "size": [0, 3, 3], "pivot": [8.82161, 12.83728, 4.67944], "rotation": [0, -10, 0], "uv": [42, 194]},
						{"origin": [8.82161, 7.91564, -2.96861], "size": [0, 3, 3], "pivot": [8.82161, 12.83728, 4.67944], "rotation": [0, -10, 0], "uv": [35, 194]},
						{"origin": [6.82161, 7.91564, -2.96861], "size": [0, 3, 3], "pivot": [8.82161, 12.83728, 4.67944], "rotation": [0, -10, 0], "uv": [28, 194]}
					]
				},
				{
					"name": "right_arm",
					"parent": "anchor",
					"pivot": [-6.90599, 23.74953, 4.69126],
					"cubes": [
						{"origin": [-11.5, 18.03822, -1.02237], "size": [4, 10, 6], "pivot": [-9.5, 15.49688, 3.01569], "rotation": [-20.74622, 9.84655, 10.15108], "uv": [33, 122]}
					]
				},
				{
					"name": "right_arm1",
					"parent": "right_arm",
					"pivot": [-8.5454, 19.47033, 6.24592],
					"cubes": [
						{"origin": [-10.79661, 9.90362, 3.16638], "size": [4, 12, 4], "inflate": -0.1, "pivot": [-8.82161, 12.83728, 4.67944], "rotation": [-22.5, 10, 0], "uv": [17, 142]}
					]
				},
				{
					"name": "right_arm_paw",
					"parent": "right_arm1",
					"pivot": [-9.10779, 10.91564, 4.05642],
					"cubes": [
						{"origin": [-10.82161, 7.91564, 0.03139], "size": [4, 4, 6], "pivot": [-8.82161, 12.83728, 4.67944], "rotation": [0, 10, 0], "uv": [89, 142]},
						{"origin": [-10.82161, 7.91564, -2.96861], "size": [0, 3, 3], "pivot": [-8.82161, 12.83728, 4.67944], "rotation": [0, 10, 0], "uv": [21, 194]},
						{"origin": [-8.82161, 7.91564, -2.96861], "size": [0, 3, 3], "pivot": [-8.82161, 12.83728, 4.67944], "rotation": [0, 10, 0], "uv": [14, 194]},
						{"origin": [-6.82161, 7.91564, -2.96861], "size": [0, 3, 3], "pivot": [-8.82161, 12.83728, 4.67944], "rotation": [0, 10, 0], "uv": [7, 194]}
					]
				},
				{
					"name": "left_leg",
					"parent": "anchor",
					"pivot": [5.82647, 25.1264, 24.13881],
					"cubes": [
						{"origin": [6.5, 18.03822, 16.97763], "size": [4, 10, 8], "pivot": [8.5, 15.49688, 23.01569], "rotation": [-16.18726, -31.94715, -11.80868], "uv": [62, 103]}
					]
				},
				{
					"name": "left_leg1",
					"parent": "left_leg",
					"pivot": [6.96696, 19.47033, 26.02098],
					"cubes": [
						{"origin": [5.79661, 9.90362, 23.16638], "size": [4, 12, 4], "inflate": -0.1, "pivot": [7.82161, 12.83728, 24.67944], "rotation": [-22.5, -32.5, 0], "uv": [34, 142]}
					]
				},
				{
					"name": "left_leg_paw",
					"parent": "left_leg1",
					"pivot": [7.70711, 9.91564, 24.28949],
					"cubes": [
						{"origin": [5.82161, 7.91564, 20.03139], "size": [4, 4, 6], "pivot": [7.82161, 12.83728, 24.67944], "rotation": [0, -32.5, 0], "uv": [21, 159]},
						{"origin": [9.82161, 7.91564, 17.03139], "size": [0, 3, 3], "pivot": [7.82161, 12.83728, 24.67944], "rotation": [0, -32.5, 0], "uv": [131, 187]},
						{"origin": [7.82161, 7.91564, 17.03139], "size": [0, 3, 3], "pivot": [7.82161, 12.83728, 24.67944], "rotation": [0, -32.5, 0], "uv": [124, 187]},
						{"origin": [5.82161, 7.91564, 17.03139], "size": [0, 3, 3], "pivot": [7.82161, 12.83728, 24.67944], "rotation": [0, -32.5, 0], "uv": [117, 187]}
					]
				},
				{
					"name": "right_leg",
					"parent": "anchor",
					"pivot": [-5.82647, 25.1264, 24.13881],
					"cubes": [
						{"origin": [-10.5, 18.03822, 16.97763], "size": [4, 10, 8], "pivot": [-8.5, 15.49688, 23.01569], "rotation": [-16.18726, 31.94715, 11.80868], "uv": [103, 84]}
					]
				},
				{
					"name": "right_leg1",
					"parent": "right_leg",
					"pivot": [-6.96696, 19.47033, 26.02098],
					"cubes": [
						{"origin": [-9.79661, 9.90362, 23.16638], "size": [4, 12, 4], "inflate": -0.1, "pivot": [-7.82161, 12.83728, 24.67944], "rotation": [-22.5, 32.5, 0], "uv": [0, 142]}
					]
				},
				{
					"name": "right_leg_paw",
					"parent": "right_leg1",
					"pivot": [-7.70711, 9.91564, 24.28949],
					"cubes": [
						{"origin": [-9.82161, 7.91564, 20.03139], "size": [4, 4, 6], "pivot": [-7.82161, 12.83728, 24.67944], "rotation": [0, 32.5, 0], "uv": [68, 142]},
						{"origin": [-9.82161, 7.91564, 17.03139], "size": [0, 3, 3], "pivot": [-7.82161, 12.83728, 24.67944], "rotation": [0, 32.5, 0], "uv": [0, 194]},
						{"origin": [-7.82161, 7.91564, 17.03139], "size": [0, 3, 3], "pivot": [-7.82161, 12.83728, 24.67944], "rotation": [0, 32.5, 0], "uv": [145, 187]},
						{"origin": [-5.82161, 7.91564, 17.03139], "size": [0, 3, 3], "pivot": [-7.82161, 12.83728, 24.67944], "rotation": [0, 32.5, 0], "uv": [138, 187]}
					]
				}
			]
		}
	]
},
	"texture": "moreplayermodels:textures/legendary_dragon/dragon_a.png",
	"body_part": "legs",
	"menu": "♥ Dragon A",
	"animation_inherit": "legendary_dragon",
	"preview_rotation": 45,
	"translate": [0, 36, -14.25],
	"scale": [1.5, 1.5, 1.5],
	"rotate_offset": [0, 0, 0],
	"rotate": [0.0, 0, 0.0],
	"author": "Ruvy"
}