{
	"name": "Legendary Dragon Eyes",
	"render_type": "bedrock",
	"hidden_parts": [HEAD],
	"render_data" : {
	"format_version": "1.12.0",
	"minecraft:geometry": [
		{
			"description": {
				"identifier": "geometry.steve",
				"texture_width": 256,
				"texture_height": 256,
				"visible_bounds_width": 14,
				"visible_bounds_height": 4.5,
				"visible_bounds_offset": [0, 1.75, 0]
			},
			"bones": [
				{
					"name": "anchor",
					"pivot": [0, 24, 0],
					"cubes": []
				},
				{
					"name": "body",
					"parent": "anchor",
					"pivot": [0, 23, 14],
					"cubes": []
				},
				{
					"name": "neck",
					"parent": "body",
					"pivot": [0, 24.85, 0],
					"cubes": []
				},
				{
					"name": "neck2",
					"parent": "neck",
					"pivot": [0, 24.85, -8],
					"cubes": []
				},
				{
					"name": "head",
					"parent": "neck2",
					"pivot": [0, 25, -16],
					"cubes": [
						{"origin": [-4, 20.85, -24], "size": [8, 8, 8], "uv": [37, 84]},
						{"origin": [-3, 20.85, -30], "size": [6, 4, 6], "uv": [115, 122]},
						{"origin": [-2, 19.85, -29.4], "size": [4, 5, 7], "pivot": [0, 22.85, -27], "rotation": [22.5, 0, 0], "uv": [92, 122]}
					]
				}
			]
		}
	]
},
	"texture": "moreplayermodels:textures/legendary_dragon/dragon_eyes.png",
	"body_part": "head",
	"menu": "♥ Dragon A",
	"animation_inherit": "legendary_dragon",
	"preview_rotation": 45,
	"translate": [0, 36, -14.25],
	"scale": [1.5, 1.5, 1.5],
	"rotate_offset": [0, 0, 0],
	"rotate": [0.0, 0, 0.0],
	"author": "Ruvy"
}