{
	"name": "Legendary Dragon Head B",
	"render_type": "bedrock",
	"hidden_parts": [HEAD],
	"render_data" : {
	"format_version": "1.12.0",
	"minecraft:geometry": [
		{
			"description": {
				"identifier": "geometry.steve",
				"texture_width": 256,
				"texture_height": 256,
				"visible_bounds_width": 14,
				"visible_bounds_height": 4.5,
				"visible_bounds_offset": [0, 1.75, 0]
			},
			"bones": [
				{
					"name": "anchor",
					"pivot": [0, 24, 0],
					"cubes": []
				},
				{
					"name": "body",
					"parent": "anchor",
					"pivot": [0, 23, 14],
					"cubes": []
				},
				{
					"name": "neck",
					"parent": "body",
					"pivot": [0, 24.85, 0],
					"cubes": [
						{"origin": [-4, 19.85, -8], "size": [8, 8, 8], "uv": [70, 84]},
						{"origin": [-1, 30.35, -3.86396], "size": [2, 2, 2], "pivot": [7, 27.85, -6.36396], "rotation": [-45, 0, 0], "uv": [112, 194]},
						{"origin": [-1, 27.35, -6.86396], "size": [2, 2, 2], "pivot": [7, 27.85, -6.36396], "rotation": [-45, 0, 0], "uv": [103, 194]},
						{"origin": [0, 27.35, -6.86396], "size": [0, 4, 4], "pivot": [7, 27.85, -6.36396], "rotation": [-45, 0, 0], "uv": [67, 176]}
					]
				},
				{
					"name": "neck2",
					"parent": "neck",
					"pivot": [0, 24.85, -8],
					"cubes": [
						{"origin": [-3, 21.85, -16], "size": [6, 6, 8], "uv": [0, 103]},
						{"origin": [-1, 25.79454, -13.2552], "size": [2, 6, 2], "pivot": [0, 29.79454, -11.0052], "rotation": [-35, 0, 0], "uv": [85, 176]},
						{"origin": [0, 26.79454, -13.2552], "size": [0, 9, 5], "pivot": [0, 29.79454, -11.0052], "rotation": [-35, 0, 0], "uv": [129, 159]},
						{"origin": [-1, 30.35, -11.86396], "size": [2, 4, 2], "pivot": [4, 27.85, -14.36396], "rotation": [-45, 0, 0], "uv": [105, 176]},
						{"origin": [-0.001, 30.35, -11.86396], "size": [0, 7, 4], "pivot": [4, 27.85, -14.36396], "rotation": [-45, 0, 0], "uv": [58, 174]}
					]
				},
				{
					"name": "head",
					"parent": "neck2",
					"pivot": [0, 25, -16],
					"cubes": [
						{"origin": [-4, 20.85, -24], "size": [8, 8, 8], "uv": [37, 84]},
						{"origin": [-3, 20.85, -30], "size": [6, 4, 6], "uv": [115, 122]},
						{"origin": [-2, 19.85, -29.4], "size": [4, 5, 7], "pivot": [0, 22.85, -27], "rotation": [22.5, 0, 0], "uv": [92, 122]},
						{"origin": [-1, 24.70043, -16.43242], "size": [2, 8, 2], "pivot": [5.9995, 31.45043, -11.43242], "rotation": [-35, 0, 0], "uv": [49, 176]},
						{"origin": [-0.001, 24.70043, -16.43242], "size": [0, 11, 8], "pivot": [5.9995, 31.45043, -11.43242], "rotation": [-35, 0, 0], "uv": [75, 122]},
						{"origin": [-1, 28.23896, -22.67807], "size": [2, 6, 2], "pivot": [3, 31.23896, -21.92807], "rotation": [-22.5, 0, 0], "uv": [76, 176]},
						{"origin": [0, 28.23896, -22.67807], "size": [0, 10, 6], "pivot": [3, 31.23896, -21.92807], "rotation": [-22.5, 0, 0], "uv": [63, 159]},
						{"origin": [-5.08191, 26.46953, -16.79721], "size": [4, 4, 6], "pivot": [-2.08191, 26.46953, -15.79721], "rotation": [46.64867, -20.70481, -9.00717], "uv": [110, 142]},
						{"origin": [-6.69652, 29.8585, -16.33314], "size": [2, 4, 6], "pivot": [-5.69652, 32.97982, -11.12603], "rotation": [22.56263, -10.82163, -8.57466], "uv": [95, 159]},
						{"origin": [-6.72352, 30.7887, -10.17074], "size": [2, 2, 6], "inflate": -0.1, "pivot": [-5.52352, 31.45647, -10.6243], "rotation": [66.12716, -6.88065, 0.729], "uv": [0, 176]},
						{"origin": [4.72352, 30.7887, -10.17074], "size": [2, 2, 6], "inflate": -0.1, "pivot": [5.52352, 31.45647, -10.6243], "rotation": [66.12716, 6.88065, -0.729], "uv": [17, 176]},
						{"origin": [4.69652, 29.8585, -16.33314], "size": [2, 4, 6], "pivot": [5.69652, 32.97982, -11.12603], "rotation": [22.56263, 10.82163, 8.57466], "uv": [112, 159]},
						{"origin": [1.08191, 26.46953, -16.79721], "size": [4, 4, 6], "pivot": [2.08191, 26.46953, -15.79721], "rotation": [46.64867, 20.70481, 9.00717], "uv": [0, 159]},
						{"origin": [6.38909, 21.43653, -20.0949], "size": [0, 8, 8], "pivot": [6.38909, 25.93653, -16.5949], "rotation": [30.36119, 40.78947, 20.94102], "uv": [48, 24]},
						{"origin": [-6.38909, 21.43653, -20.0949], "size": [0, 8, 8], "pivot": [-6.38909, 25.93653, -16.5949], "rotation": [30.36119, -40.78947, -20.94102], "uv": [0, 43]}
					]
				}
			]
		}
	]
},
	"texture": "moreplayermodels:textures/legendary_dragon/dragon_b.png",
	"body_part": "head",
	"menu": "♥ Dragon B",
	"animation_inherit": "legendary_dragon",
	"preview_rotation": 45,
	"translate": [0, 36, -14.25],
	"scale": [1.5, 1.5, 1.5],
	"rotate_offset": [0, 0, 0],
	"rotate": [0.0, 0, 0.0],
	"author": "Ruvy"
}