{
	"name": "Legendary Dragon Wings B",
	"render_type": "bedrock",
	"hidden_parts": [NONE],
	"render_data" : {
	"format_version": "1.12.0",
	"minecraft:geometry": [
		{
			"description": {
				"identifier": "geometry.steve",
				"texture_width": 256,
				"texture_height": 256,
				"visible_bounds_width": 15,
				"visible_bounds_height": 4.5,
				"visible_bounds_offset": [0, 1.75, 0]
			},
			"bones": [
				{
					"name": "anchor",
					"pivot": [0, 24, 0],
					"cubes": []
				},
				{
					"name": "body",
					"parent": "anchor",
					"pivot": [0, 23, 14],
					"cubes": []
				},
				{
					"name": "left_wing",
					"parent": "body",
					"pivot": [3, 27.85, 9],
					"cubes": [
						{"origin": [2, 25.85, 6], "size": [10, 4, 6], "uv": [29, 103]}
					]
				},
				{
					"name": "left_wing1",
					"parent": "left_wing",
					"pivot": [12.05, 27.85, 7.8],
					"cubes": [
						{"origin": [12, 25.85, 6], "size": [12, 4, 4], "uv": [0, 122]}
					]
				},
				{
					"name": "left_wing2",
					"parent": "left_wing1",
					"pivot": [23.9, 27.85, 6.85],
					"cubes": [
						{"origin": [24, 26.85, 6], "size": [16, 2, 2], "uv": [87, 117]},
						{"origin": [22.97487, 27.35, 2.93934], "size": [5, 2, 2], "pivot": [26.47487, 28.85, 4.93934], "rotation": [0, 45, 0], "uv": [0, 36]},
						{"origin": [26.3137, 27.85, 1.43164], "size": [4, 1, 2], "pivot": [28.8137, 28.85, 2.43164], "rotation": [0, 22.5, 0], "uv": [48, 0]},
						{"origin": [22.09139, 27.85, 0.24382], "size": [3, 1, 2], "pivot": [24.59139, 29.35, 1.24382], "rotation": [0, 45, 0], "uv": [48, 6]},
						{"origin": [20.89025, 27.35, 2.45567], "size": [4, 2, 2], "pivot": [23.39025, 28.85, 4.45567], "rotation": [0, 67.5, 0], "uv": [0, 44]},
						{"origin": [36, 27.85, 8], "size": [16, 0, 16], "uv": [0, 34]},
						{"origin": [20, 27.85, 8], "size": [16, 0, 16], "uv": [65, 34]},
						{"origin": [20, 27.85, 24], "size": [16, 0, 16], "uv": [130, 17]},
						{"origin": [36, 27.85, 24], "size": [16, 0, 16], "uv": [65, 17]}
					]
				},
				{
					"name": "right_wing",
					"parent": "body",
					"pivot": [-3, 27.85, 9],
					"cubes": [
						{"origin": [-12, 25.85, 6], "size": [10, 4, 6], "uv": [128, 84]}
					]
				},
				{
					"name": "right_wing1",
					"parent": "right_wing",
					"pivot": [-12.05, 27.85, 7.8],
					"cubes": [
						{"origin": [-24, 25.85, 6], "size": [12, 4, 4], "uv": [87, 108]}
					]
				},
				{
					"name": "right_wing2",
					"parent": "right_wing1",
					"pivot": [-23.9, 27.85, 6.85],
					"cubes": [
						{"origin": [-40, 26.85, 6], "size": [16, 2, 2], "uv": [87, 103]},
						{"origin": [-52, 27.85, 8], "size": [16, 0, 16], "uv": [0, 17]},
						{"origin": [-36, 27.85, 8], "size": [16, 0, 16], "uv": [130, 0]},
						{"origin": [-36, 27.85, 24], "size": [16, 0, 16], "uv": [65, 0]},
						{"origin": [-52, 27.85, 24], "size": [16, 0, 16], "uv": [0, 0]},
						{"origin": [-30.3137, 27.85, 1.43164], "size": [4, 1, 2], "pivot": [-28.8137, 28.85, 2.43164], "rotation": [0, -22.5, 0], "uv": [0, 48]},
						{"origin": [-25.09139, 27.85, 0.24382], "size": [3, 1, 2], "pivot": [-24.59139, 29.35, 1.24382], "rotation": [0, -45, 0], "uv": [48, 3]},
						{"origin": [-27.97487, 27.35, 2.93934], "size": [5, 2, 2], "pivot": [-26.47487, 28.85, 4.93934], "rotation": [0, -45, 0], "uv": [0, 32]},
						{"origin": [-24.89025, 27.35, 2.45567], "size": [4, 2, 2], "pivot": [-23.39025, 28.85, 4.45567], "rotation": [0, -67.5, 0], "uv": [0, 40]}
					]
				}
			]
		}
	]
},
	"texture": "moreplayermodels:textures/legendary_dragon/dragon_b.png",
	"body_part": "arms",
	"menu": "♥ Dragon B",
	"animation_inherit": "legendary_dragon",
	"preview_rotation": 45,
	"translate": [0, 36, -14.25],
	"scale": [1.5, 1.5, 1.5],
	"rotate_offset": [0, 0, 0],
	"rotate": [0.0, 0, 0.0],
	"author": "Ruvy"
}