{
	"name": "Stage 1 Antlers",
	"parent": "moreplayermodels:parts/creature/antlers5.json",
	"render_type": "bedrock",
	"hidden_parts": [none],
	"render_data" : {
	"format_version": "1.12.0",
	"minecraft:geometry": [
		{
			"description": {
				"identifier": "geometry.unknown",
				"texture_width": 64,
				"texture_height": 64,
				"visible_bounds_width": 5,
				"visible_bounds_height": 4,
				"visible_bounds_offset": [0, 1, 0]
			},
			"bones": [
				{
					"name": "main_beam",
					"pivot": [-10.59288, -1.26345, -0.54957],
					"rotation": [-15.35092, 5.83543, 22.57809],
					"cubes": [
						{"origin": [-18.03039, 4.41573, -2.76174], "size": [8, 4, 4], "pivot": [-19.03039, 2.41573, -0.76174], "rotation": [0, 0, 45], "uv": [0, 0]}
					]
				},
				{
					"name": "main_beam2",
					"pivot": [10.59288, -1.26345, -0.54957],
					"rotation": [-15.35092, -5.83543, -22.57809],
					"cubes": [
						{"origin": [10.03039, 4.41573, -2.76174], "size": [8, 4, 4], "pivot": [19.03039, 2.41573, -0.76174], "rotation": [0, 0, -45], "uv": [0, 0], "mirror": true}
					]
				}
			]
		}
	]
},
	"texture": "moreplayermodels:textures/creature/antlers.png",
	"body_part": "head",
	"menu": "♥ Creature Features",
	"preview_rotation": 315,
	"translate": [0, -7.5, 0],
	"scale": [0.31, 0.31, 0.31],
	"rotate_offset": [0, 0, 0.0],
	"rotate": [0.0, 0, 0.0],
	"author": "Ruvy"
}