{
	"name": "Stage 4 Antlers",
	"parent": "moreplayermodels:parts/creature/antlers5.json",
	"render_type": "bedrock",
	"hidden_parts": [none],
	"render_data" : {
	"format_version": "1.12.0",
	"minecraft:geometry": [
		{
			"description": {
				"identifier": "geometry.unknown",
				"texture_width": 64,
				"texture_height": 64,
				"visible_bounds_width": 5,
				"visible_bounds_height": 4,
				"visible_bounds_offset": [0, 1, 0]
			},
			"bones": [
				{
					"name": "main_beam",
					"pivot": [-10.59288, -1.26345, -0.54957],
					"rotation": [-15.35092, 5.83543, 22.57809],
					"cubes": [
						{"origin": [-18.03039, 4.41573, -2.76174], "size": [8, 4, 4], "pivot": [-19.03039, 2.41573, -0.76174], "rotation": [0, 0, 45], "uv": [0, 0]},
						{"origin": [-18.08065, 1.95126, -2.78674], "size": [4, 4, 4], "uv": [0, 37]},
						{"origin": [-23.25871, 1.97626, -3.41889], "size": [6, 4, 4], "pivot": [-19.25871, 3.95126, -1.14389], "rotation": [0, -22.5, 0], "uv": [21, 5]},
						{"origin": [-27.33103, 2.00126, -6.61837], "size": [6, 4, 4], "pivot": [-24.33103, 3.70126, -4.59337], "rotation": [0, -45, 0], "uv": [0, 19]},
						{"origin": [-30.01324, 2.02626, -10.8286], "size": [6, 4, 4], "pivot": [-27.01324, 3.95126, -8.8036], "rotation": [0, -70, 0], "uv": [17, 14]},
						{"origin": [-30.91868, 2.05126, -15.96363], "size": [6, 4, 4], "pivot": [-27.91868, 3.95126, -13.93863], "rotation": [0, -90, 0], "uv": [0, 9]},
						{"origin": [-27.83821, 2.07626, -20.83732], "size": [4, 4, 4], "pivot": [-26.83821, 3.95126, -18.81232], "rotation": [0, -115, 0], "uv": [34, 30]},
						{"origin": [-25.63014, 2.10126, -22.35681], "size": [4, 4, 4], "pivot": [-24.63014, 3.20126, -20.33181], "rotation": [0, -150, 0], "uv": [17, 30]}
					]
				},
				{
					"name": "point1",
					"parent": "main_beam",
					"pivot": [-16.08065, 3.85126, -0.76174],
					"cubes": [
						{"origin": [-17.08065, 5.70126, -2.28674], "size": [3, 3, 3], "pivot": [-16.08065, 3.95126, -0.76174], "rotation": [0, 0, 22.5], "uv": [17, 39]},
						{"origin": [-16.33065, 8.60126, -2.03674], "size": [2, 3, 2], "pivot": [-16.08065, 3.85126, -0.76174], "rotation": [2.5, 0, 22.5], "uv": [40, 24]}
					]
				},
				{
					"name": "point2",
					"parent": "main_beam",
					"pivot": [-24.26594, 4.19136, -4.33271],
					"cubes": [
						{"origin": [-27.26594, 5.69136, -5.85771], "size": [3, 5, 3], "pivot": [-24.26594, 4.19136, -4.33271], "rotation": [17.5, -45, -10], "uv": [38, 0]},
						{"origin": [-27.16594, 10.64136, -5.45771], "size": [2, 5, 2], "pivot": [-24.26594, 4.19136, -4.33271], "rotation": [20, -45, -10], "uv": [28, 44]}
					]
				},
				{
					"name": "point3",
					"parent": "main_beam",
					"pivot": [-26.99633, 8.05126, -17.13098],
					"cubes": [
						{"origin": [-28.09633, 4.97626, -18.73098], "size": [3, 6, 3], "pivot": [-26.99633, 8.07626, -17.23098], "rotation": [7.5, -32.5, 20], "uv": [38, 14]}
					]
				},
				{
					"name": "main_beam2",
					"pivot": [10.59288, -1.26345, -0.54957],
					"rotation": [-15.35092, -5.83543, -22.57809],
					"cubes": [
						{"origin": [10.03039, 4.41573, -2.76174], "size": [8, 4, 4], "pivot": [19.03039, 2.41573, -0.76174], "rotation": [0, 0, -45], "uv": [0, 0], "mirror": true},
						{"origin": [14.08065, 1.95126, -2.78674], "size": [4, 4, 4], "uv": [0, 37], "mirror": true},
						{"origin": [17.25871, 1.97626, -3.41889], "size": [6, 4, 4], "pivot": [19.25871, 3.95126, -1.14389], "rotation": [0, 22.5, 0], "uv": [21, 5], "mirror": true},
						{"origin": [21.33103, 2.00126, -6.61837], "size": [6, 4, 4], "pivot": [24.33103, 3.70126, -4.59337], "rotation": [0, 45, 0], "uv": [0, 19], "mirror": true},
						{"origin": [24.01324, 2.02626, -10.8286], "size": [6, 4, 4], "pivot": [27.01324, 3.95126, -8.8036], "rotation": [0, 70, 0], "uv": [17, 14], "mirror": true},
						{"origin": [24.91868, 2.05126, -15.96363], "size": [6, 4, 4], "pivot": [27.91868, 3.95126, -13.93863], "rotation": [0, 90, 0], "uv": [0, 9], "mirror": true},
						{"origin": [23.83821, 2.07626, -20.83732], "size": [4, 4, 4], "pivot": [26.83821, 3.95126, -18.81232], "rotation": [0, 115, 0], "uv": [34, 30], "mirror": true},
						{"origin": [21.63014, 2.10126, -22.35681], "size": [4, 4, 4], "pivot": [24.63014, 3.20126, -20.33181], "rotation": [0, 150, 0], "uv": [17, 30], "mirror": true}
					]
				},
				{
					"name": "point5",
					"parent": "main_beam2",
					"pivot": [16.08065, 3.85126, -0.76174],
					"cubes": [
						{"origin": [14.08065, 5.70126, -2.28674], "size": [3, 3, 3], "pivot": [16.08065, 3.95126, -0.76174], "rotation": [0, 0, -22.5], "uv": [17, 39], "mirror": true},
						{"origin": [14.33065, 8.60126, -2.03674], "size": [2, 3, 2], "pivot": [16.08065, 3.85126, -0.76174], "rotation": [2.5, 0, -22.5], "uv": [40, 24], "mirror": true}
					]
				},
				{
					"name": "point6",
					"parent": "main_beam2",
					"pivot": [24.26594, 4.19136, -4.33271],
					"cubes": [
						{"origin": [24.26594, 5.69136, -5.85771], "size": [3, 5, 3], "pivot": [24.26594, 4.19136, -4.33271], "rotation": [17.5, 45, 10], "uv": [38, 0], "mirror": true},
						{"origin": [25.16594, 10.64136, -5.45771], "size": [2, 5, 2], "pivot": [24.26594, 4.19136, -4.33271], "rotation": [20, 45, 10], "uv": [28, 44], "mirror": true}
					]
				},
				{
					"name": "point7",
					"parent": "main_beam2",
					"pivot": [26.99633, 8.05126, -17.13098],
					"cubes": [
						{"origin": [25.09633, 4.97626, -18.73098], "size": [3, 6, 3], "pivot": [26.99633, 8.07626, -17.23098], "rotation": [7.5, 32.5, -20], "uv": [38, 14], "mirror": true}
					]
				}
			]
		}
	]
},
	"texture": "moreplayermodels:textures/creature/antlers.png",
	"body_part": "head",
	"menu": "♥ Creature Features",
	"preview_rotation": 315,
	"translate": [0, -7.5, 0],
	"scale": [0.31, 0.31, 0.31],
	"rotate_offset": [0, 0, 0.0],
	"rotate": [0.0, 0, 0.0],
	"author": "Ruvy"
}