{
	"name": "Digitigrade Legs (Simple)",
	"render_type": "bedrock",
	"hidden_parts": ["right_leg", "left_leg"],
	"render_data" : {
	"format_version": "1.12.0",
	"minecraft:geometry": [
		{
			"description": {
				"identifier": "geometry.unknown",
				"texture_width": 64,
				"texture_height": 64,
				"visible_bounds_width": 3,
				"visible_bounds_height": 3.5,
				"visible_bounds_offset": [0, 1.25, 0]
			},
			"bones": [
				{
					"name": "right_leg",
					"pivot": [-1.9, 12, 0],
					"rotation": [-5, 0, 0],
					"cubes": [
						{"origin": [-4.1, 7.98257, -2.19924], "size": [4, 4, 4], "uv": [0, 16]},
						{"origin": [-4.1, 7.98257, -2.19924], "size": [4, 4, 4], "inflate": 0.25, "uv": [0, 32]}
					]
				},
				{
					"name": "right_lower",
					"parent": "right_leg",
					"pivot": [-2.05, 8.16518, 1.12442],
					"cubes": [
						{"origin": [-4.05, 0.09282, -1.56651], "size": [4, 8, 4], "pivot": [0, 12.04149, -0.04967], "rotation": [5, 0, 0], "uv": [40, 20]},
						{"origin": [-4.05, 0.09282, -1.56651], "size": [4, 8, 4], "inflate": 0.25, "pivot": [0, 12.04149, -0.04967], "rotation": [5, 0, 0], "uv": [40, 36]}
					]
				},
				{
					"name": "left_leg",
					"pivot": [1.9, 12, 0],
					"rotation": [-5, 0, 0],
					"cubes": [
						{"origin": [0.1, 7.98257, -2.19924], "size": [4, 4, 4], "uv": [16, 48]},
						{"origin": [0.1, 7.98257, -2.19924], "size": [4, 4, 4], "inflate": 0.25, "uv": [0, 48]}
					]
				},
				{
					"name": "left_lower",
					"parent": "left_leg",
					"pivot": [2.05, 8.16518, 1.12442],
					"cubes": [
						{"origin": [0.05, 0.09282, -1.56651], "size": [4, 8, 4], "pivot": [0, 12.04149, -0.04967], "rotation": [5, 0, 0], "uv": [48, 52]},
						{"origin": [0.05, 0.09282, -1.56651], "size": [4, 8, 4], "inflate": 0.25, "pivot": [0, 12.04149, -0.04967], "rotation": [5, 0, 0], "uv": [32, 52]}
					]
				}
			]
		}
	]
},
	"texture": "moreplayermodels:textures/creature/digilegs.png",
	"body_part": "legs",
	"menu": "♥ Creature Features",
	"animation_inherit": "digilegs",
	"preview_rotation": 45,
	"translate": [0, 12, 0],
	"scale": [1, 1, 1],
	"rotate_offset": [0, -12, 0.0],
	"rotate": [0.0, 0, 0.0],
	"author": "Ruvy"
}