{
	"name": "Dino Snout",
	"render_type": "bedrock",
	"hidden_parts": [none],
	"render_data" : {
	"format_version": "1.12.0",
	"minecraft:geometry": [
		{
			"description": {
				"identifier": "geometry.steve",
				"texture_width": 32,
				"texture_height": 32,
				"visible_bounds_width": 2,
				"visible_bounds_height": 3.5,
				"visible_bounds_offset": [0, 1.25, 0]
			},
			"bones": [
				{
					"name": "bb_main",
					"pivot": [0, 0, 0],
					"cubes": [
						{"origin": [-2, 24, -8], "size": [4, 3, 4], "uv": [0, 10]},
						{"origin": [-2, 23.91761, -7.38687], "size": [4, 4, 5], "inflate": -0.025, "pivot": [0, 25.91761, -5.38687], "rotation": [22.5, 0, 0], "uv": [0, 0]}
					]
				}
			]
		}
	]
},
	"texture": "moreplayermodels:textures/creature/dromae_snout.png",
	"body_part": "head",
	"menu": "♥ Creature Features",
	"preview_rotation": 315,
	"translate": [0, 24, 0],
	"scale": [1, 1, 1],
	"rotate_offset": [0, 0, 0],
	"rotate": [0, 0, 0],
	"author": "Ruvy"
}