{
	"name": "Feathered Crest (Center-Small)",
	"parent": "moreplayermodels:parts/creature/feather_crest_all.json",
	"render_type": "bedrock",
	"hidden_parts": [none],
	"render_data" : {
	"format_version": "1.12.0",
	"minecraft:geometry": [
		{
			"description": {
				"identifier": "geometry.steve",
				"texture_width": 128,
				"texture_height": 128,
				"visible_bounds_width": 3,
				"visible_bounds_height": 4.5,
				"visible_bounds_offset": [0, 1.75, 0]
			},
			"bones": [
				{
					"name": "head",
					"pivot": [0, 24, 0]
				},
				{
					"name": "top_crest",
					"parent": "head",
					"pivot": [0, 28, 0]
				},
				{
					"name": "top_crest_mid",
					"parent": "top_crest",
					"pivot": [0, 31, 3],
					"cubes": [
						{"origin": [-1.5, 32.01888, 0.28533], "size": [3, 0, 10], "pivot": [0, 32, 0.35], "rotation": [57.5, 0, 0], "uv": [0, 22]},
						{"origin": [-1.5, 32.00522, 2.41256], "size": [3, 0, 9], "pivot": [0, 32, 2.5], "rotation": [42.5, 0, 0], "uv": [34, 33]},
						{"origin": [-1.5, 31.46506, 3.82435], "size": [3, 0, 8], "pivot": [0, 30.5, 4], "rotation": [25, 0, 0], "uv": [65, 1]},
						{"origin": [-1.5, 31.72625, 2.16478], "size": [3, 0, 8], "pivot": [0, 26.5, 0], "rotation": [-22.5, 0, 0], "uv": [60, 63]},
						{"origin": [-1.5, 30.5, 3], "size": [3, 0, 8], "pivot": [0, 26.5, 0], "rotation": [0, 0, 0], "uv": [63, 42]},
						{"origin": [0, 35.17255, -0.91417], "size": [3, 0, 10], "pivot": [1.5, 35.17255, 4.08583], "rotation": [55.41141, -18.82943, 12.54707], "uv": [0, 11]},
						{"origin": [0, 33.98493, 2.34975], "size": [3, 0, 9], "pivot": [1.5, 33.98493, 6.84975], "rotation": [40.25057, -14.98328, 16.98216], "uv": [34, 12]},
						{"origin": [0, 31.99088, 3.05819], "size": [3, 0, 8], "pivot": [1.5, 31.99088, 7.05819], "rotation": [23.30696, -9.30727, 20.57639], "uv": [50, 22]},
						{"origin": [0, 29.5, 3], "size": [3, 0, 8], "pivot": [1.5, 29.5, 7], "rotation": [0, 0, 22.5], "uv": [50, 33]},
						{"origin": [0.2, 29.42388, -0.48268], "size": [3, 0, 9], "pivot": [0, 32, -3], "rotation": [46.38519, -3.74715, 48.94529], "uv": [34, 23]},
						{"origin": [-0.2, 29.17388, 2.51732], "size": [3, 0, 8], "pivot": [0, 32, -3], "rotation": [28.81279, 2.3394, 53.28628], "uv": [45, 62]},
						{"origin": [-3, 29.5, 3], "size": [3, 0, 8], "pivot": [-1.5, 29.5, 7], "rotation": [0, 0, -22.5], "uv": [17, 45]},
						{"origin": [-3, 31.99088, 3.05819], "size": [3, 0, 8], "pivot": [-1.5, 31.99088, 7.05819], "rotation": [23.30696, 9.30727, -20.57639], "uv": [48, 44]},
						{"origin": [-3, 33.98493, 2.34975], "size": [3, 0, 9], "pivot": [-1.5, 33.98493, 6.84975], "rotation": [40.25057, 14.98328, -16.98216], "uv": [18, 24]},
						{"origin": [-3, 35.17255, -0.91417], "size": [3, 0, 10], "pivot": [-1.5, 35.17255, 4.08583], "rotation": [55.41141, 18.82943, -12.54707], "uv": [0, 0]},
						{"origin": [-2.8, 29.17388, 2.51732], "size": [3, 0, 8], "pivot": [0, 32, -3], "rotation": [28.81279, -2.3394, -53.28628], "uv": [0, 53]},
						{"origin": [-3.2, 29.42388, -0.48268], "size": [3, 0, 9], "pivot": [0, 32, -3], "rotation": [46.38519, 3.74715, -48.94529], "uv": [16, 34]}
					]
				}
			]
		}
	]
},
	"texture": "moreplayermodels:textures/creature/head_feathers.png",
	"body_part": "head",
	"menu": "♥ Creature Features",
	"animation_inherit": "feather_crest",
	"preview_rotation": 315,
	"translate": [0, 24, 0],
	"scale": [1, 1, 1],
	"rotate_offset": [0, 0, 0.0],
	"rotate": [0.0, 0, 0.0],
	"author": "Ruvy"
}