{
	"name": "Fox Snout",
	"parent": "moreplayermodels:parts/creature/dromae_snout.json",
	"render_type": "bedrock",
	"hidden_parts": [none],
	"render_data" : {
	"format_version": "1.12.0",
	"minecraft:geometry": [
		{
			"description": {
				"identifier": "geometry.unknown",
				"texture_width": 16,
				"texture_height": 16,
				"visible_bounds_width": 2,
				"visible_bounds_height": 1.5,
				"visible_bounds_offset": [0, 0.25, 0]
			},
			"bones": [
				{
					"name": "bb_main",
					"pivot": [0, 0, 0],
					"cubes": [
						{"origin": [-1.5, 0, -8], "size": [3, 2, 4], "uv": [0, 8]},
						{"origin": [-0.5, 1.05, -8.05], "size": [1, 1, 1], "uv": [0, 0]},
						{"origin": [-1, -1, -7.5], "size": [2, 2, 5], "pivot": [8, 0, -8], "rotation": [22.5, 0, 0], "uv": [0, 0]}
					]
				}
			]
		}
	]
},
	"texture": "moreplayermodels:textures/creature/fox_snout.png",
	"body_part": "head",
	"menu": "♥ Creature Features",
	"preview_rotation": 315,
	"translate": [0, 0, 0],
	"scale": [1, 1, 1],
	"rotate_offset": [0, 0, 0],
	"rotate": [0, 0, 0],
	"author": "Ruvy"
}