{
	"name": "Llama Head (Brown)",
	"parent": "moreplayermodels:parts/creature/goat_head.json",
	"render_type": "bedrock",
	"hidden_parts": [HEAD],
	"render_data" : {
	"format_version": "1.12.0",
	"minecraft:geometry": [
		{
			"description": {
				"identifier": "geometry.steve",
				"texture_width": 128,
				"texture_height": 64,
				"visible_bounds_width": 2,
				"visible_bounds_height": 3.5,
				"visible_bounds_offset": [0, 1.25, 0]
			},
			"bones": [
				{
					"name": "head",
					"pivot": [0, 20, -0.95],
					"cubes": [
						{"origin": [-2, 30, -7.95], "size": [4, 4, 9], "uv": [0, 0]},
						{"origin": [-4, 18, -3.95], "size": [8, 18, 6], "uv": [0, 14]},
						{"origin": [-4, 36, -1.95], "size": [3, 3, 2], "uv": [17, 0]},
						{"origin": [1, 36, -1.95], "size": [3, 3, 2], "uv": [17, 0]}
					]
				}
			]
		}
	]
},
	"texture": "minecraft:textures/entity/llama/brown.png",
	"body_part": "head",
	"menu": "♥ Creature Features",
	"preview_rotation": 315,
	"translate": [0, 22, 0],
	"scale": [0.9, 0.9, 0.9],
	"rotate_offset": [0, 0, 0.0],
	"rotate": [0.0, 0, 0.0],
	"author": "Ruvy/Mojang"
}