{
	"name": "Parrot Head (Red)",
	"parent": "moreplayermodels:parts/creature/goat_head.json",
	"render_type": "bedrock",
	"hidden_parts": [HEAD],
	"render_data" : {
	"format_version": "1.12.0",
	"minecraft:geometry": [
		{
			"description": {
				"identifier": "geometry.steve",
				"texture_width": 32,
				"texture_height": 32,
				"visible_bounds_width": 2,
				"visible_bounds_height": 4.5,
				"visible_bounds_offset": [0, 1.75, 0]
			},
			"bones": [
				{
					"name": "head",
					"pivot": [0, 24, 0]
				},
				{
					"name": "head2",
					"parent": "head",
					"pivot": [0, 24.3, 0.2],
					"cubes": [
						{"origin": [-1, 23.8, -0.8], "size": [2, 3, 2], "uv": [2, 2]},
						{"origin": [-1, 26.8, -2.8], "size": [2, 1, 4], "uv": [10, 0]},
						{"origin": [-0.5, 24.8, -1.7], "size": [1, 2, 1], "uv": [11, 7]},
						{"origin": [-0.5, 25.1, -2.7], "size": [1, 1.7, 1], "uv": [16, 7]},
						{"origin": [0, 26.1, -1.9], "size": [0, 5, 4], "uv": [2, 18]}
					]
				}
			]
		}
	]
},
	"texture": "minecraft:textures/entity/parrot/parrot_red_blue.png",
	"body_part": "head",
	"menu": "♥ Creature Features",
	"preview_rotation": 315,
	"translate": [0, 61, -0.5],
	"scale": [2.5, 2.5, 2.5],
	"rotate_offset": [0, 0, 0.0],
	"rotate": [0.0, 0, 0.0],
	"author": "Ruvy/Mojang"
}