{"name":"battlehammer_1","menu":"_Weapons","author":"Anfauglir/Valaron/Jakob","body_part":"body","hidden_parts":[],"texture":"moreplayermodels:textures/weapons/battlehammer.png","can_use_player_skin":false,"preview_rotation":45,"render_type":"bedrock","render_data":{"format_version":"1.12.0","minecraft:geometry":[{"description":{"identifier":"geometry.unknown","texture_width":32,"texture_height":32,"visible_bounds_width":3,"visible_bounds_height":3,"visible_bounds_offset":[0,0.5,0]},"bones":[{"name":"battleaxe","pivot":[-0.25,-6,3],"rotation":[0,0,60],"cubes":[{"origin":[-13.25,-6,2],"size":[9,1,1],"uv":[0,12]},{"origin":[2.75,-6,2],"size":[6,1,1],"uv":[15,6]},{"origin":[8.75,-6,2],"size":[4,1,1],"inflate":0.1,"uv":[18,2]},{"origin":[-4.25,-6,2],"size":[7,1,1],"inflate":0.1,"uv":[15,0]},{"origin":[-16.25,-6,2],"size":[3,1,1],"inflate":0.1,"uv":[18,4]},{"origin":[-18.25,-7,2],"size":[2,2,1],"inflate":0.01,"pivot":[-17.75,-5.5,2.5],"rotation":[0,0,-45],"uv":[11,14]},{"origin":[9.75,-7,2],"size":[3,3,1],"inflate":0.01,"uv":[0,18]},{"origin":[7.75,-4,1],"size":[6,3,3],"uv":[0,6]},{"origin":[7.75,-10,1],"size":[6,3,3],"uv":[0,0]},{"origin":[8.75,-3,1],"size":[4,1,3],"inflate":0.1,"uv":[0,14]},{"origin":[8.75,-9,1],"size":[4,1,3],"inflate":0.1,"uv":[14,14]}]}]}]}}