{"name":"dagger_a","menu":"_Weapons","author":"Anfauglir/Valaron/Jakob","body_part":"body","hidden_parts":[],"parent":"moreplayermodels:parts/weapons/dagger.json","texture":"moreplayermodels:textures/weapons/dagger.png","can_use_player_skin":false,"preview_rotation":45,"render_type":"bedrock","render_data":{"format_version":"1.12.0","minecraft:geometry":[{"description":{"identifier":"geometry.steve","texture_width":32,"texture_height":32,"visible_bounds_width":2,"visible_bounds_height":2,"visible_bounds_offset":[0,0,0]},"bones":[{"name":"body","pivot":[0,0,0]},{"name":"dagger","parent":"body","pivot":[0,0,0],"cubes":[{"origin":[-5,-16.75,-2.75],"size":[1,5,2],"pivot":[-4.5,-10.95833,-2],"rotation":[37.41942,-6.18809,4.68827],"uv":[0,0],"mirror":true},{"origin":[-5,-11.75,-3.25],"size":[1,1,3],"pivot":[-4.5,-10.95833,-2],"rotation":[37.41942,-6.18809,4.68827],"uv":[6,0],"mirror":true},{"origin":[-5,-10.75,-2.25],"size":[1,2,1],"pivot":[-4.5,-10.95833,-2],"rotation":[37.41942,-6.18809,4.68827],"uv":[6,7],"mirror":true},{"origin":[-5,-11.75,-2.25],"size":[1,1,1],"inflate":0.2,"pivot":[-4.5,-10.95833,-2],"rotation":[37.41942,-6.18809,4.68827],"uv":[10,7],"mirror":true},{"origin":[-5,-8.75,-2.25],"size":[1,1,1],"inflate":0.2,"pivot":[-4.5,-10.95833,-2],"rotation":[37.41942,-6.18809,4.68827],"uv":[10,7],"mirror":true},{"origin":[-5,-17.5,-2.75],"size":[1,1,2],"inflate":-0.2,"pivot":[-4.5,-10.95833,-2],"rotation":[37.41942,-6.18809,4.68827],"uv":[0,7],"mirror":true}]}]}]}}