{"name":"dagger_d","menu":"_Weapons","author":"Anfauglir/Valaron/Jakob","body_part":"body","hidden_parts":[],"parent":"moreplayermodels:parts/weapons/dagger.json","texture":"moreplayermodels:textures/weapons/dagger.png","can_use_player_skin":false,"preview_rotation":225,"render_type":"bedrock","render_data":{"format_version":"1.12.0","minecraft:geometry":[{"description":{"identifier":"geometry.steve","texture_width":32,"texture_height":32,"visible_bounds_width":2,"visible_bounds_height":2,"visible_bounds_offset":[0,0,0]},"bones":[{"name":"body","pivot":[0,0,0]},{"name":"dagger","parent":"body","pivot":[2.53911,-10.09138,2.4015],"rotation":[-123.524,-80.21719,113.03741],"cubes":[{"origin":[1.9,-15.25,0.85],"size":[1,5,2],"pivot":[2.4,-9.45833,1.6],"rotation":[37.41942,6.18809,-4.68827],"uv":[0,0]},{"origin":[1.9,-10.25,0.35],"size":[1,1,3],"pivot":[2.4,-9.45833,1.6],"rotation":[37.41942,6.18809,-4.68827],"uv":[6,0]},{"origin":[1.9,-9.25,1.35],"size":[1,2,1],"pivot":[2.4,-9.45833,1.6],"rotation":[37.41942,6.18809,-4.68827],"uv":[6,7]},{"origin":[1.9,-10.25,1.35],"size":[1,1,1],"inflate":0.2,"pivot":[2.4,-9.45833,1.6],"rotation":[37.41942,6.18809,-4.68827],"uv":[10,7]},{"origin":[1.9,-7.25,1.35],"size":[1,1,1],"inflate":0.2,"pivot":[2.4,-9.45833,1.6],"rotation":[37.41942,6.18809,-4.68827],"uv":[10,7]},{"origin":[1.9,-16,0.85],"size":[1,1,2],"inflate":-0.2,"pivot":[2.4,-9.45833,1.6],"rotation":[37.41942,6.18809,-4.68827],"uv":[0,7]}]}]}]}}