{"name":"greatsword_a","menu":"_Weapons","author":"Anfauglir/Valaron/Jakob","body_part":"body","hidden_parts":[],"parent":"moreplayermodels:parts/weapons/greatsword.json","texture":"moreplayermodels:textures/weapons/greatsword.png","can_use_player_skin":false,"preview_rotation":225,"render_type":"bedrock","render_data":{"format_version":"1.12.0","minecraft:geometry":[{"description":{"identifier":"geometry.unknown","texture_width":32,"texture_height":32,"visible_bounds_width":3,"visible_bounds_height":3,"visible_bounds_offset":[0,0.5,0]},"bones":[{"name":"body","pivot":[0,0,0]},{"name":"sword","parent":"body","pivot":[3.5,-0.15108,2.25],"rotation":[-90,-87.5,-65],"cubes":[{"origin":[3,14.55,1.25],"size":[1,2,2],"pivot":[3.5,15.55,2.25],"rotation":[-45,0,0],"uv":[12,12],"mirror":true},{"origin":[3,-9,1.75],"size":[1,6,1],"uv":[8,12],"mirror":true},{"origin":[3,-10,1.75],"size":[1,1,1],"inflate":0.2,"uv":[13,8],"mirror":true},{"origin":[3,-3,1.75],"size":[1,1,1],"inflate":0.2,"uv":[13,4],"mirror":true},{"origin":[3,-3,0.75],"size":[1,1,3],"uv":[8,8],"mirror":true},{"origin":[3,-1,0.75],"size":[1,1,3],"uv":[8,4],"mirror":true},{"origin":[3,1,0.75],"size":[1,1,3],"uv":[8,0],"mirror":true},{"origin":[3,-3,-1.25],"size":[1,1,2],"inflate":-0.001,"pivot":[3.5,-3,0.75],"rotation":[-22.5,0,0],"uv":[13,0],"mirror":true},{"origin":[3,-3,3.75],"size":[1,1,2],"inflate":-0.001,"pivot":[3.5,-3,3.75],"rotation":[22.5,0,0],"uv":[5,0],"mirror":true},{"origin":[3,-2.25,0.75],"size":[1,18,3],"inflate":-0.2,"uv":[0,0],"mirror":true}]}]}]}}