{"name":"pistol_b","menu":"_Weapons","author":"Anfauglir/Valaron/Jakob","parent":"moreplayermodels:parts/weapons/pistol.json","body_part":"body","hidden_parts":[],"texture":"moreplayermodels:textures/weapons/pistol.png","can_use_player_skin":false,"preview_rotation":225,"render_type":"bedrock","render_data":{"format_version":"1.12.0","minecraft:geometry":[{"description":{"identifier":"geometry.unknown","texture_width":16,"texture_height":16,"visible_bounds_width":2,"visible_bounds_height":2,"visible_bounds_offset":[0,0,0]},"bones":[{"name":"pistol","pivot":[-2.95006,-9.88016,2.75],"rotation":[-7.52832,-4.95712,65.65426],"cubes":[{"origin":[-3.75,-11,1.75],"size":[4,2,2],"uv":[0,0],"mirror":true},{"origin":[-6.75,-11,1.75],"size":[3,2,2],"inflate":-0.01,"pivot":[-3.75,-9,2.75],"rotation":[0,0,-40],"uv":[0,4],"mirror":true},{"origin":[-3.75,-9.5,2.25],"size":[5,1,1],"uv":[0,8],"mirror":true},{"origin":[-4.75,-12,2.25],"size":[3,1,1],"uv":[8,4],"mirror":true},{"origin":[-4.13619,-9.64104,3.25],"size":[1,2,1],"pivot":[-3.38619,-8.89104,3.75],"rotation":[0,0,-32.5],"uv":[0,10],"mirror":true},{"origin":[-4.13619,-9.64104,1.25],"size":[1,1,1],"pivot":[-3.38619,-8.89104,3.75],"rotation":[0,0,-32.5],"uv":[10,0],"mirror":true}]},{"name":"pistol2","pivot":[2.95006,-9.88016,2.75],"rotation":[-7.52832,4.95712,-65.65426],"cubes":[{"origin":[-0.25,-11,1.75],"size":[4,2,2],"uv":[0,0]},{"origin":[3.75,-11,1.75],"size":[3,2,2],"inflate":-0.01,"pivot":[3.75,-9,2.75],"rotation":[0,0,40],"uv":[0,4]},{"origin":[-1.25,-9.5,2.25],"size":[5,1,1],"uv":[0,8]},{"origin":[1.75,-12,2.25],"size":[3,1,1],"uv":[8,4]},{"origin":[3.13619,-9.64104,3.25],"size":[1,2,1],"pivot":[3.38619,-8.89104,3.75],"rotation":[0,0,32.5],"uv":[0,10]},{"origin":[3.13619,-9.64104,1.25],"size":[1,1,1],"pivot":[3.38619,-8.89104,3.75],"rotation":[0,0,32.5],"uv":[10,0]}]}]}]}}