{"name":"sword_1","menu":"_Weapons","author":"Anfauglir/Valaron/Jakob","body_part":"body","hidden_parts":[],"texture":"moreplayermodels:textures/weapons/sword_1.png","can_use_player_skin":false,"preview_rotation":45,"render_type":"bedrock","render_data":{"format_version":"1.12.0","minecraft:geometry":[{"description":{"identifier":"geometry.unknown","texture_width":32,"texture_height":32,"visible_bounds_width":2,"visible_bounds_height":2,"visible_bounds_offset":[0,0,0]},"bones":[{"name":"body","pivot":[0,0,0]},{"name":"sword","parent":"body","pivot":[4.60177,-11.42377,-0.58705],"rotation":[-55,5,0],"cubes":[{"origin":[4,-12.42377,-1.19419],"size":[1,2,11],"uv":[0,0]},{"origin":[4,-13.42377,-3.19419],"size":[1,4,1],"uv":[0,4]},{"origin":[4,-11.92377,-6.19419],"size":[1,1,3],"uv":[0,0]},{"origin":[4,-11.92377,-7.19419],"size":[1,1,1],"inflate":0.2,"uv":[7,3]},{"origin":[4,-11.92377,-3.19419],"size":[1,1,1],"inflate":0.3,"uv":[4,7]},{"origin":[4,-12.42377,-2.19419],"size":[1,2,1],"inflate":0.2,"uv":[4,4]},{"origin":[4,-12.42377,9.55581],"size":[1,2,1],"inflate":-0.2,"uv":[5,0]}]}]}]}}