{
	"name": "Proto Head",
	"render_type": "bedrock",
	"hidden_parts": ["head"],
	"render_data" : {
	"format_version": "1.12.0",
	"minecraft:geometry": [
		{
			"description": {
				"identifier": "geometry.unknown",
				"texture_width": 64,
				"texture_height": 64,
				"visible_bounds_width": 4,
				"visible_bounds_height": 3.5,
				"visible_bounds_offset": [0, 1.25, 0]
			},
			"bones": [
				{
					"name": "head",
					"pivot": [0, 24, 0]
				},
				{
					"name": "bone581",
					"parent": "head",
					"pivot": [0, 27.1, -0.5],
					"rotation": [5, 0, 0]
				},
				{
					"name": "bone582",
					"parent": "bone581",
					"pivot": [4, 31.1, 0.5],
					"cubes": [
						{"origin": [-3.5, 24.1, -1.5], "size": [7, 7, 2], "inflate": 0.25, "uv": [0, 24]}
					]
				},
				{
					"name": "bone583",
					"parent": "bone582",
					"pivot": [4.1, 31.7, 0],
					"cubes": [
						{"origin": [3.1, 24.7, -2], "size": [1, 3, 3], "inflate": 0.35, "uv": [36, 0]},
						{"origin": [4.1, 24.7, 1], "size": [0, 3, 3], "uv": [35, 13]}
					]
				},
				{
					"name": "bone584",
					"parent": "bone583",
					"pivot": [4.6, 31.7, 0],
					"cubes": [
						{"origin": [3.5, 24.7, -2], "size": [1, 3, 3], "uv": [38, 6]}
					]
				},
				{
					"name": "bone585",
					"parent": "bone582",
					"pivot": [-4.1, 31.7, 0],
					"cubes": [
						{"origin": [-4.1, 24.7, -2], "size": [1, 3, 3], "inflate": 0.35, "uv": [38, 16]},
						{"origin": [-4.1, 24.7, 1], "size": [0, 3, 3], "uv": [29, 13]}
					]
				},
				{
					"name": "bone586",
					"parent": "bone585",
					"pivot": [-4.6, 31.7, 0],
					"cubes": [
						{"origin": [-4.5, 24.7, -2], "size": [1, 3, 3], "uv": [28, 1]}
					]
				},
				{
					"name": "bone587",
					"parent": "bone581",
					"pivot": [0, 29.6, -1.5],
					"rotation": [5, 0, 0]
				},
				{
					"name": "bone588",
					"parent": "bone587",
					"pivot": [-0.5, 24.1, 0.5],
					"cubes": [
						{"origin": [-3.5, 24.1, -4.5], "size": [7, 7, 5], "inflate": 0.002, "uv": [0, 12]}
					]
				},
				{
					"name": "bone589",
					"parent": "bone587",
					"pivot": [0, 28.3, -7.3],
					"rotation": [-2.5, 0, 0],
					"cubes": [
						{"origin": [-3.5, 24.29636, -7.353], "size": [7, 4, 5], "inflate": 0.001, "uv": [19, 7]}
					]
				},
				{
					"name": "bone590",
					"parent": "bone587",
					"pivot": [0, 31.7, -5.5],
					"rotation": [44.5, 0, 0],
					"cubes": [
						{"origin": [-3.5, 27.57114, -9.2073], "size": [7, 3, 4], "uv": [20, 20]}
					]
				},
				{
					"name": "bone591",
					"parent": "proto3",
					"pivot": [0.5, 28, 0],
					"cubes": [
						{"origin": [-3.5, 24, -2], "size": [7, 7, 5], "uv": [0, 0]}
					]
				},
				{
					"name": "bone592",
					"parent": "bone591",
					"pivot": [0, 31, 0.6],
					"rotation": [55, 0, 0],
					"cubes": [
						{"origin": [-2.5, 31, 0.6], "size": [5, 0, 2], "uv": [17, 2]}
					]
				},
				{
					"name": "bone593",
					"parent": "bone591",
					"pivot": [-0.5, 31, 2],
					"rotation": [45, 0, 0],
					"cubes": [
						{"origin": [-3, 31, 2], "size": [6, 0, 2], "uv": [17, 0]}
					]
				},
				{
					"name": "bone596",
					"parent": "bone591",
					"pivot": [-2.5, 30.5, 2],
					"rotation": [30, -32.5, 0],
					"cubes": [
						{"origin": [-2.5, 26, 1], "size": [0, 5, 7], "uv": [14, 30]},
						{"origin": [-2.505, 26, 1], "size": [0, 5, 7], "uv": [0, 26]}
					]
				},
				{
					"name": "bone597",
					"parent": "bone596",
					"pivot": [-3.5, 29, 3],
					"cubes": [
						{"origin": [-3.5, 30, 2], "size": [1, 1, 3], "inflate": 0.01, "uv": [11, 42]}
					]
				},
				{
					"name": "bone600",
					"parent": "bone591",
					"pivot": [2.5, 30.5, 2],
					"rotation": [30, 32.5, 0],
					"cubes": [
						{"origin": [2.5, 26, 1], "size": [0, 5, 7], "uv": [18, 25]},
						{"origin": [2.505, 26, 1], "size": [0, 5, 7], "uv": [18, 20]}
					]
				},
				{
					"name": "bone601",
					"parent": "bone600",
					"pivot": [3.5, 29, 3],
					"cubes": [
						{"origin": [2.5, 30, 2], "size": [1, 1, 3], "inflate": 0.01, "uv": [24, 16]}
					]
				}
			]
		}
	]
},
	"texture": "moreplayermodels:textures/protogen1.png",
	"body_part": "head",
	"menu": "CORVUS_Animal",
	"preview_rotation": 315,
	"translate": [0, 24, 0],
	"can_use_player_skin" : true,
	"author": "nymphbat"
}