{
	"name": "Tiger Head",
	"render_type": "bedrock",
	"hidden_parts": ["head"],
	"render_data" : {
	"format_version": "1.12.0",
	"minecraft:geometry": [
		{
			"description": {
				"identifier": "geometry.unknown",
				"texture_width": 32,
				"texture_height": 32,
				"visible_bounds_width": 2,
				"visible_bounds_height": 3.5,
				"visible_bounds_offset": [0, 1.25, 0]
			},
			"bones": [
				{
					"name": "head",
					"pivot": [0, 24, 0]
				},
				{
					"name": "bone613",
					"parent": "head",
					"pivot": [3, 24, -3],
					"cubes": [
						{"origin": [-4, 24, -4], "size": [8, 8, 8], "uv": [0, 0]}
					]
				},
				{
					"name": "bone616",
					"parent": "bone613",
					"pivot": [4, 31, -0.5],
					"rotation": [2.5, -17.5, 7.5],
					"cubes": [
						{"origin": [3.5, 25, -0.5], "size": [2, 6, 0], "uv": [0, 23]}
					]
				},
				{
					"name": "bone620",
					"parent": "bone613",
					"pivot": [-4, 31, -0.5],
					"rotation": [2.5, 17.5, -7.5],
					"cubes": [
						{"origin": [-5.5, 25, -0.5], "size": [2, 6, 0], "uv": [20, 18]}
					]
				},
				{
					"name": "bone615",
					"parent": "bone613",
					"pivot": [3, 32, -1],
					"rotation": [-12.5, -47.5, 42.5],
					"cubes": [
						{"origin": [2, 31, -1], "size": [3, 3, 1], "uv": [0, 4]}
					]
				},
				{
					"name": "bone617",
					"parent": "bone615",
					"pivot": [2.5, 34, -0.5],
					"rotation": [0, 0, 12.5],
					"cubes": [
						{"origin": [2.5, 34, -0.5], "size": [2, 1, 0], "uv": [0, 17]}
					]
				},
				{
					"name": "bone618",
					"parent": "bone613",
					"pivot": [-3, 32, -1],
					"rotation": [-12.5, 47.5, -42.5],
					"cubes": [
						{"origin": [-5, 31, -1], "size": [3, 3, 1], "uv": [0, 0]}
					]
				},
				{
					"name": "bone619",
					"parent": "bone618",
					"pivot": [-2.5, 34, -0.5],
					"rotation": [0, 0, -12.5],
					"cubes": [
						{"origin": [-4.5, 34, -0.5], "size": [2, 1, 0], "uv": [0, 16]}
					]
				},
				{
					"name": "bone612",
					"parent": "big_cat",
					"pivot": [0, 24, -3.5],
					"rotation": [10, 0, 0],
					"cubes": [
						{"origin": [-3, 24, -5.5], "size": [6, 3, 4], "inflate": 0.01, "uv": [0, 16]}
					]
				},
				{
					"name": "bone614",
					"parent": "bone612",
					"pivot": [-2, 24, -3.5],
					"cubes": [
						{"origin": [-1.5, 26, -5.5], "size": [3, 1, 1], "inflate": 0.02, "uv": [16, 16]}
					]
				}
			]
		}
	]
},
	"texture": "moreplayermodels:textures/tiger.png",
	"body_part": "head",
	"menu": "CORVUS_Animal",
	"parent":"moreplayermodels:parts/corvus_animal/bigfeline.json",
	"preview_rotation": 315,
	"translate": [0, 24, 0],
	"can_use_player_skin" : true,
	"author": "nymphbat"
}