{"name":"scrolls","menu":"_Bags","author":"Anfauglir/Valaron/Jakob","body_part":"body","hidden_parts":[],"texture":"moreplayermodels:textures/bags/scrolls.png","can_use_player_skin":false,"preview_rotation":225,"render_type":"bedrock","render_data":{"format_version":"1.12.0","minecraft:geometry":[{"description":{"identifier":"geometry.unknown","texture_width":32,"texture_height":32,"visible_bounds_width":2,"visible_bounds_height":3,"visible_bounds_offset":[0,0.5,0]},"bones":[{"name":"body","pivot":[0,0,0]},{"name":"scrolls","parent":"body","pivot":[0,-12,0],"cubes":[{"origin":[2.24791,-7.22983,3.3],"size":[1,5,0],"pivot":[2.14791,-5.22983,5],"rotation":[37.47365,1.5216,-1.98385],"uv":[2,8]},{"origin":[-3.65209,-8.12983,2.3],"size":[1,5,0],"pivot":[2.14791,-5.22983,5],"rotation":[37.47365,1.5216,-1.98385],"uv":[0,8]},{"origin":[-5,-12,2],"size":[11,3,3],"pivot":[-2,-11,3],"rotation":[0,0,-15],"uv":[0,0]},{"origin":[-6,-11,3],"size":[13,1,1],"pivot":[-2,-11,3],"rotation":[0,0,-15],"uv":[0,6]}]}]}]}}