{
  "parent": "catenary:recipe_unlock/root",
  "criteria": {
    "has_ingredients": {
      "conditions": {
        "items": [
          {
            "items": [
              "minecraft:iron_bars",
              "minecraft:amethyst_shard"
            ]
          }
        ]
      },
      "trigger": "minecraft:inventory_changed"
    },
    "has_the_recipe": {
      "conditions": {
        "recipe": "catenary:amethyst_lights"
      },
      "trigger": "minecraft:recipe_unlocked"
    }
  },
  "requirements": [
    [
      "has_ingredients",
      "has_the_recipe"
    ]
  ],
  "rewards": {
    "recipes": [
      "catenary:amethyst_lights"
    ]
  }
}