{
  "parent": "catenary:recipe_unlock/root",
  "criteria": {
    "has_ingredients": {
      "conditions": {
        "items": [
          {
            "items": [
              "minecraft:chain",
              "minecraft:lantern",
              "minecraft:soul_lantern"
            ]
          }
        ]
      },
      "trigger": "minecraft:inventory_changed"
    },
    "has_the_recipe": {
      "conditions": {
        "recipe": "catenary:chain_with_mixed_lanterns.mirrored"
      },
      "trigger": "minecraft:recipe_unlocked"
    }
  },
  "requirements": [
    [
      "has_ingredients",
      "has_the_recipe"
    ]
  ],
  "rewards": {
    "recipes": [
      "catenary:chain_with_mixed_lanterns.mirrored"
    ]
  }
}