{
	"name": "Feathered Tail Color 1 (Short)",
	"render_type": "bedrock",
	"hidden_parts": [none],
	"render_data" : {
	"format_version": "1.12.0",
	"minecraft:geometry": [
		{
			"description": {
				"identifier": "geometry.base",
				"texture_width": 128,
				"texture_height": 128,
				"visible_bounds_width": 4,
				"visible_bounds_height": 3,
				"visible_bounds_offset": [0, 0.5, 0]
			},
			"bones": [
				{
					"name": "tail",
					"pivot": [0, 1, -15]
				},
				{
					"name": "base",
					"parent": "tail",
					"pivot": [0, 1, -15],
					"cubes": [
						{"origin": [-4, 0.75, -15], "size": [8, 1, 8], "pivot": [0, 1.5, -11], "rotation": [4.99762, 44.94549, 3.53329], "uv": [50, 31]},
						{"origin": [-1.5, 0.5, -15], "size": [3, 1, 8], "uv": [38, 43]},
						{"origin": [4, 1.5, -14], "size": [2, 0, 7], "pivot": [0, 1.5, -11], "rotation": [5.0048, -45.21782, -0.01349], "uv": [57, 50]},
						{"origin": [-6, 1.5, -14], "size": [2, 0, 7], "pivot": [0, 1.5, -11], "rotation": [5.0048, 45.21782, 0.01349], "uv": [89, 47]}
					]
				}
			]
		}
	]
},
	"texture": "moreplayermodels:textures/longtail/feather_base.png",
	"body_part": "body",
	"menu": "♥ Long Tails 2",
	"animation_inherit": "longtail",
	"preview_rotation": 135,
	"translate": [0, -4, 14],
	"scale": [1, 1, 1],
	"rotate_offset": [0, -12, 0.0],
	"rotate": [10, 0, 0.0],
	"author": "Ruvy"
}