{
	"name": "Feline Tail Base",
	"render_type": "bedrock",
	"hidden_parts": [none],
	"render_data" : {
	"format_version": "1.12.0",
	"minecraft:geometry": [
		{
			"description": {
				"identifier": "geometry.base",
				"texture_width": 64,
				"texture_height": 64,
				"visible_bounds_width": 4,
				"visible_bounds_height": 1.5,
				"visible_bounds_offset": [0, 0.25, 0]
			},
			"bones": [
				{
					"name": "tail",
					"pivot": [0, 0, -16]
				},
				{
					"name": "base",
					"parent": "tail",
					"pivot": [0, 0, -16],
					"cubes": [
						{"origin": [-1.5, -1.5, -16], "size": [3, 3, 8], "uv": [0, 0]},
						{"origin": [1, -2.5, -16], "size": [0, 1, 4], "uv": [15, 28]},
						{"origin": [-1, -2.5, -16], "size": [0, 1, 4], "uv": [8, 24]},
						{"origin": [0, -3.5, -16], "size": [0, 2, 7], "uv": [0, 23]}
					]
				},
				{
					"name": "mid1",
					"parent": "base",
					"pivot": [0, 0, -8],
					"cubes": [
						{"origin": [-1.5, -1, -8], "size": [3, 2, 8], "uv": [0, 12]}
					]
				},
				{
					"name": "mid2",
					"parent": "mid1",
					"pivot": [0, 0, 0],
					"cubes": [
						{"origin": [-1, -1, 0], "size": [2, 2, 8], "uv": [15, 4]}
					]
				},
				{
					"name": "end",
					"parent": "mid2",
					"pivot": [0, 0, 8],
					"cubes": [
						{"origin": [-1, -1.5, 8], "size": [2, 3, 5], "uv": [26, 23]}
					]
				}
			]
		}
	]
},
	"texture": "moreplayermodels:textures/longtail/feline_base.png",
	"body_part": "body",
	"menu": "♥ Long Tails",
	"animation_inherit": "longtail",
	"preview_rotation": 135,
	"translate": [0, -4, 14],
	"scale": [1, 1, 1],
	"rotate_offset": [0, -12, 0.0],
	"rotate": [10, 0, 0.0],
	"author": "Ruvy"
}