{
	"name": "Aquatic Tail Stripes",
	"parent": "moreplayermodels:parts/longtail/b_feline_stripes.json",
	"render_type": "bedrock",
	"hidden_parts": [none],
	"render_data" : {
	"format_version": "1.12.0",
	"minecraft:geometry": [
		{
			"description": {
				"identifier": "geometry.base",
				"texture_width": 64,
				"texture_height": 64,
				"visible_bounds_width": 4,
				"visible_bounds_height": 3,
				"visible_bounds_offset": [0, 0.5, 0]
			},
			"bones": [
				{
					"name": "tail",
					"pivot": [0, 0, -16]
				},
				{
					"name": "base",
					"parent": "tail",
					"pivot": [0, 0, -16],
					"cubes": [
						{"origin": [-3, -3, -16], "size": [6, 6, 8], "inflate": 0.025, "uv": [0, 14]}
					]
				},
				{
					"name": "mid1",
					"parent": "base",
					"pivot": [0, 0, -8],
					"cubes": [
						{"origin": [-3, -3, -8], "size": [6, 6, 8], "inflate": 0.025, "uv": [0, 0]}
					]
				},
				{
					"name": "mid2",
					"parent": "mid1",
					"pivot": [0, 0, 0],
					"cubes": [
						{"origin": [-2.5, -2.5, 0], "size": [5, 5, 8], "inflate": 0.025, "uv": [20, 6]}
					]
				},
				{
					"name": "end",
					"parent": "mid2",
					"pivot": [0, 0, 8],
					"cubes": [
						{"origin": [-1.5, -1.5, 8], "size": [3, 3, 8], "inflate": 0.025, "uv": [20, 20]}
					]
				}
			]
		}
	]
},
	"texture": "moreplayermodels:textures/longtail/aquatic_stripes.png",
	"body_part": "body",
	"menu": "♥ Long Tails",
	"animation_inherit": "longtail",
	"preview_rotation": 135,
	"translate": [0, -4, 14],
	"scale": [1, 1, 1],
	"rotate_offset": [0, -12, 0.0],
	"rotate": [10, 0, 0.0],
	"author": "Ruvy"
}