{
	"name": "Fluffy Tail Colorpoint",
	"parent": "moreplayermodels:parts/longtail/b_feline_stripes.json",
	"render_type": "bedrock",
	"hidden_parts": [none],
	"render_data" : {
	"format_version": "1.12.0",
	"minecraft:geometry": [
		{
			"description": {
				"identifier": "geometry.base",
				"texture_width": 64,
				"texture_height": 64,
				"visible_bounds_width": 4,
				"visible_bounds_height": 3,
				"visible_bounds_offset": [0, 0.5, 0]
			},
			"bones": [
				{
					"name": "tail",
					"pivot": [0, 0, -16]
				},
				{
					"name": "base",
					"parent": "tail",
					"pivot": [0, 0, -16]
				},
				{
					"name": "mid1",
					"parent": "base",
					"pivot": [0, 0, -8],
					"cubes": [
						{"origin": [-1.5, -1, -8], "size": [3, 2, 8], "inflate": 0.025, "uv": [0, 12]},
						{"origin": [-1.5, 2.40207, -8.76892], "size": [3, 0, 6], "inflate": 0.025, "pivot": [0, 0, -7.95087], "rotation": [35, 0, -45], "uv": [37, 6]},
						{"origin": [2.40207, -1.5, -8.76892], "size": [0, 3, 6], "inflate": 0.025, "pivot": [0, 0, -7.95087], "rotation": [0, 35, -45], "uv": [37, 6]},
						{"origin": [-2.40207, -1.5, -8.76892], "size": [0, 3, 6], "inflate": 0.025, "pivot": [0, 0, -7.95087], "rotation": [0, -35, -45], "uv": [37, 6]},
						{"origin": [8.19784, -1.5, -6.75098], "size": [0, 3, 6], "inflate": 0.025, "pivot": [-0.30216, 0, 2.24902], "rotation": [0, 35, 0], "uv": [37, 6]},
						{"origin": [-8.19784, -1.5, -6.75098], "size": [0, 3, 6], "inflate": 0.025, "pivot": [0.30216, 0, 2.24902], "rotation": [0, -35, 0], "uv": [37, 6], "mirror": true},
						{"origin": [-1.5, -8.19784, -6.75098], "size": [3, 0, 6], "inflate": 0.025, "pivot": [0, 0.30216, 2.24902], "rotation": [-35, 0, 0], "uv": [37, 6]},
						{"origin": [-1.5, 8.19784, -6.75098], "size": [3, 0, 6], "inflate": 0.025, "pivot": [0, -0.30216, 2.24902], "rotation": [35, 0, 0], "uv": [37, 6]},
						{"origin": [-1.5, -2.40207, -8.76892], "size": [3, 0, 6], "inflate": 0.025, "pivot": [0, 0, -7.95087], "rotation": [-35, 0, -45], "uv": [37, 6]},
						{"origin": [-1.5, 2.63699, -6.69485], "size": [3, 0, 6], "inflate": 0.025, "pivot": [0, 0, -5.54129], "rotation": [35, 0, -22.5], "uv": [37, 6]},
						{"origin": [-1.5, -2.63699, -6.69485], "size": [3, 0, 6], "inflate": 0.025, "pivot": [0, 0, -5.54129], "rotation": [-35, 0, -22.5], "uv": [37, 6]},
						{"origin": [-1.5, 2.63699, -6.69485], "size": [3, 0, 6], "inflate": 0.025, "pivot": [0, 0, -5.54129], "rotation": [35, 0, 22.5], "uv": [37, 6]},
						{"origin": [-1.5, -2.63699, -6.69485], "size": [3, 0, 6], "inflate": 0.025, "pivot": [0, 0, -5.54129], "rotation": [-35, 0, 22.5], "uv": [37, 6]},
						{"origin": [-2.63699, -1.5, -6.69485], "size": [0, 3, 6], "inflate": 0.025, "pivot": [0, 0, -5.54129], "rotation": [0, -35, 22.5], "uv": [37, 6], "mirror": true},
						{"origin": [2.63699, -1.5, -6.69485], "size": [0, 3, 6], "inflate": 0.025, "pivot": [0, 0, -5.54129], "rotation": [0, 35, 22.5], "uv": [37, 6]},
						{"origin": [-2.63699, -1.5, -6.69485], "size": [0, 3, 6], "inflate": 0.025, "pivot": [0, 0, -5.54129], "rotation": [0, -35, -22.5], "uv": [37, 6]},
						{"origin": [2.63699, -1.5, -6.69485], "size": [0, 3, 6], "inflate": 0.025, "pivot": [0, 0, -5.54129], "rotation": [0, 35, -22.5], "uv": [37, 6]},
						{"origin": [-1.5, 4.25794, -2.66714], "size": [3, 0, 7], "inflate": 0.025, "pivot": [0, -4.24206, 0.33286], "rotation": [35, 0, 0], "uv": [12, 29]},
						{"origin": [-1.5, -4.25794, -2.66714], "size": [3, 0, 7], "inflate": 0.025, "pivot": [0, 4.24206, 0.33286], "rotation": [-35, 0, 0], "uv": [12, 29]},
						{"origin": [-4.25794, -1.5, -2.66714], "size": [0, 3, 7], "inflate": 0.025, "pivot": [4.24206, 0, 0.33286], "rotation": [0, -35, 0], "uv": [12, 29], "mirror": true},
						{"origin": [4.25794, -1.5, -2.66714], "size": [0, 3, 7], "inflate": 0.025, "pivot": [-4.24206, 0, 0.33286], "rotation": [0, 35, 0], "uv": [12, 29]},
						{"origin": [-2.22869, -1.5, -5.982], "size": [0, 3, 7], "inflate": 0.025, "pivot": [0, 0, -4.54254], "rotation": [0, -35, -45], "uv": [12, 29]},
						{"origin": [-1.5, 2.22869, -5.982], "size": [3, 0, 7], "inflate": 0.025, "pivot": [0, 0, -4.54254], "rotation": [35, 0, -45], "uv": [12, 29]},
						{"origin": [2.22869, -1.5, -5.982], "size": [0, 3, 7], "inflate": 0.025, "pivot": [0, 0, -4.54254], "rotation": [0, 35, -45], "uv": [12, 29]},
						{"origin": [-1.5, -2.22869, -5.982], "size": [3, 0, 7], "inflate": 0.025, "pivot": [0, 0, -4.54254], "rotation": [-35, 0, -45], "uv": [12, 29]},
						{"origin": [-2.46361, -1.5, -3.90793], "size": [0, 3, 7], "inflate": 0.025, "pivot": [0, 0, -2.13297], "rotation": [0, -35, -22.5], "uv": [12, 29]},
						{"origin": [-1.5, 2.46361, -3.90793], "size": [3, 0, 7], "inflate": 0.025, "pivot": [0, 0, -2.13297], "rotation": [35, 0, -22.5], "uv": [12, 29]},
						{"origin": [2.46361, -1.5, -3.90793], "size": [0, 3, 7], "inflate": 0.025, "pivot": [0, 0, -2.13297], "rotation": [0, 35, -22.5], "uv": [12, 29]},
						{"origin": [-1.5, -2.46361, -3.90793], "size": [3, 0, 7], "inflate": 0.025, "pivot": [0, 0, -2.13297], "rotation": [-35, 0, -22.5], "uv": [12, 29]},
						{"origin": [-1.5, 2.46361, -3.90793], "size": [3, 0, 7], "inflate": 0.025, "pivot": [0, 0, -2.13297], "rotation": [35, 0, 22.5], "uv": [12, 29]},
						{"origin": [-1.5, -2.46361, -3.90793], "size": [3, 0, 7], "inflate": 0.025, "pivot": [0, 0, -2.13297], "rotation": [-35, 0, 22.5], "uv": [12, 29]},
						{"origin": [-2.46361, -1.5, -3.90793], "size": [0, 3, 7], "inflate": 0.025, "pivot": [0, 0, -2.13297], "rotation": [0, -35, 22.5], "uv": [12, 29], "mirror": true},
						{"origin": [2.46361, -1.5, -3.90793], "size": [0, 3, 7], "inflate": 0.025, "pivot": [0, 0, -2.13297], "rotation": [0, 35, 22.5], "uv": [12, 29]}
					]
				},
				{
					"name": "mid2",
					"parent": "mid1",
					"pivot": [0, 0, 0],
					"cubes": [
						{"origin": [-1, -1, 0], "size": [2, 2, 8], "inflate": 0.025, "uv": [15, 4]},
						{"origin": [4.25794, -1.5, 1.33286], "size": [0, 3, 7], "inflate": 0.025, "pivot": [-4.24206, 0, 4.33286], "rotation": [0, 35, 0], "uv": [28, 1]},
						{"origin": [-2.22869, -1.5, -1.982], "size": [0, 3, 7], "inflate": 0.025, "pivot": [0, 0, -0.54254], "rotation": [0, -35, -45], "uv": [28, 1]},
						{"origin": [-1.5, 2.22869, -1.982], "size": [3, 0, 7], "inflate": 0.025, "pivot": [0, 0, -0.54254], "rotation": [35, 0, -45], "uv": [28, 1]},
						{"origin": [2.22869, -1.5, -1.982], "size": [0, 3, 7], "inflate": 0.025, "pivot": [0, 0, -0.54254], "rotation": [0, 35, -45], "uv": [28, 1]},
						{"origin": [-1.5, -2.22869, -1.982], "size": [3, 0, 7], "inflate": 0.025, "pivot": [0, 0, -0.54254], "rotation": [-35, 0, -45], "uv": [28, 1]},
						{"origin": [-1.5, 4.25794, 1.33286], "size": [3, 0, 7], "inflate": 0.025, "pivot": [0, -4.24206, 4.33286], "rotation": [35, 0, 0], "uv": [28, 1]},
						{"origin": [-1.5, -4.25794, 1.33286], "size": [3, 0, 7], "inflate": 0.025, "pivot": [0, 4.24206, 4.33286], "rotation": [-35, 0, 0], "uv": [28, 1]},
						{"origin": [-4.25794, -1.5, 1.33286], "size": [0, 3, 7], "inflate": 0.025, "pivot": [4.24206, 0, 4.33286], "rotation": [0, -35, 0], "uv": [28, 1], "mirror": true},
						{"origin": [-1.5, -2.46361, 0.09207], "size": [3, 0, 7], "inflate": 0.025, "pivot": [0, 0, 1.86703], "rotation": [-35, 0, 22.5], "uv": [28, 1]},
						{"origin": [-1.5, 2.46361, 0.09207], "size": [3, 0, 7], "inflate": 0.025, "pivot": [0, 0, 1.86703], "rotation": [35, 0, 22.5], "uv": [28, 1]},
						{"origin": [-1.5, -2.46361, 0.09207], "size": [3, 0, 7], "inflate": 0.025, "pivot": [0, 0, 1.86703], "rotation": [-35, 0, -22.5], "uv": [28, 1]},
						{"origin": [2.46361, -1.5, 0.09207], "size": [0, 3, 7], "inflate": 0.025, "pivot": [0, 0, 1.86703], "rotation": [0, 35, -22.5], "uv": [28, 1]},
						{"origin": [-1.5, 2.46361, 0.09207], "size": [3, 0, 7], "inflate": 0.025, "pivot": [0, 0, 1.86703], "rotation": [35, 0, -22.5], "uv": [28, 1]},
						{"origin": [-2.46361, -1.5, 0.09207], "size": [0, 3, 7], "inflate": 0.025, "pivot": [0, 0, 1.86703], "rotation": [0, -35, -22.5], "uv": [28, 1]},
						{"origin": [2.46361, -1.5, 0.09207], "size": [0, 3, 7], "inflate": 0.025, "pivot": [0, 0, 1.86703], "rotation": [0, 35, 22.5], "uv": [28, 1]},
						{"origin": [-2.46361, -1.5, 0.09207], "size": [0, 3, 7], "inflate": 0.025, "pivot": [0, 0, 1.86703], "rotation": [0, -35, 22.5], "uv": [28, 1], "mirror": true},
						{"origin": [-1.5, 3.06424, 3.31118], "size": [3, 0, 7], "inflate": 0.025, "pivot": [-0.5, -5.43576, 6.31118], "rotation": [25, 0, 0], "uv": [12, 29]},
						{"origin": [-1.5, -3.06424, 3.31118], "size": [3, 0, 7], "inflate": 0.025, "pivot": [-0.5, 5.43576, 6.31118], "rotation": [-25, 0, 0], "uv": [12, 29]},
						{"origin": [-3.06424, -1.5, 3.31118], "size": [0, 3, 7], "inflate": 0.025, "pivot": [5.43576, 0.5, 6.31118], "rotation": [0, -25, 0], "uv": [12, 29], "mirror": true},
						{"origin": [3.06424, -1.5, 3.31118], "size": [0, 3, 7], "inflate": 0.025, "pivot": [-5.43576, 0.5, 6.31118], "rotation": [0, 25, 0], "uv": [12, 29]},
						{"origin": [-2.24689, -1.5, 0.71982], "size": [0, 3, 7], "inflate": 0.025, "pivot": [0, 0, 3.17208], "rotation": [0, -25, -45], "uv": [12, 29]},
						{"origin": [2.24689, -1.5, 0.71982], "size": [0, 3, 7], "inflate": 0.025, "pivot": [0, 0, 3.17208], "rotation": [0, 25, -45], "uv": [12, 29]},
						{"origin": [-1.5, -2.24689, 0.71982], "size": [3, 0, 7], "inflate": 0.025, "pivot": [0, 0, 3.17208], "rotation": [-25, 0, -45], "uv": [12, 29]},
						{"origin": [-1.5, 2.24689, 0.71982], "size": [3, 0, 7], "inflate": 0.025, "pivot": [0, 0, 3.17208], "rotation": [25, 0, -45], "uv": [12, 29]},
						{"origin": [-1.5, 2.24689, 2.71982], "size": [3, 0, 7], "inflate": 0.025, "pivot": [0, 0, 5.17208], "rotation": [25, 0, 22.5], "uv": [12, 29]},
						{"origin": [-1.5, -2.24689, 2.71982], "size": [3, 0, 7], "inflate": 0.025, "pivot": [0, 0, 5.17208], "rotation": [-25, 0, 22.5], "uv": [12, 29]},
						{"origin": [-2.24689, -1.5, 2.71982], "size": [0, 3, 7], "inflate": 0.025, "pivot": [0, 0, 5.17208], "rotation": [0, -25, 22.5], "uv": [12, 29], "mirror": true},
						{"origin": [2.24689, -1.5, 2.71982], "size": [0, 3, 7], "inflate": 0.025, "pivot": [0, 0, 5.17208], "rotation": [0, 25, 22.5], "uv": [12, 29]},
						{"origin": [-2.24689, -1.5, 2.71982], "size": [0, 3, 7], "inflate": 0.025, "pivot": [0, 0, 5.17208], "rotation": [0, -25, -22.5], "uv": [12, 29]},
						{"origin": [2.24689, -1.5, 2.71982], "size": [0, 3, 7], "inflate": 0.025, "pivot": [0, 0, 5.17208], "rotation": [0, 25, -22.5], "uv": [12, 29]},
						{"origin": [-1.5, -2.24689, 2.71982], "size": [3, 0, 7], "inflate": 0.025, "pivot": [0, 0, 5.17208], "rotation": [-25, 0, -22.5], "uv": [12, 29]},
						{"origin": [-1.5, 2.24689, 2.71982], "size": [3, 0, 7], "inflate": 0.025, "pivot": [0, 0, 5.17208], "rotation": [25, 0, -22.5], "uv": [12, 29]}
					]
				},
				{
					"name": "end",
					"parent": "mid2",
					"pivot": [0, 0, 8],
					"cubes": [
						{"origin": [-0.5, -0.5, 8], "size": [1, 1, 5], "inflate": 0.025, "uv": [26, 23]},
						{"origin": [-1.00592, -1.5, 4.16678], "size": [0, 3, 7], "inflate": 0.025, "pivot": [-0.46116, 0.5, 4.10262], "rotation": [0, -17.5, 0], "uv": [28, 1], "mirror": true},
						{"origin": [1.00592, -1.5, 4.16678], "size": [0, 3, 7], "inflate": 0.025, "pivot": [0.46116, 0.5, 4.10262], "rotation": [0, 17.5, 0], "uv": [28, 1]},
						{"origin": [-1.95748, -1.5, 4.4552], "size": [0, 3, 7], "inflate": 0.025, "pivot": [0, 0, 7.33801], "rotation": [0, -17.5, -45], "uv": [28, 1]},
						{"origin": [1.95748, -1.5, 4.4552], "size": [0, 3, 7], "inflate": 0.025, "pivot": [0, 0, 7.33801], "rotation": [0, 17.5, -45], "uv": [28, 1]},
						{"origin": [-1.5, -1.95748, 4.4552], "size": [3, 0, 7], "inflate": 0.025, "pivot": [0, 0, 7.33801], "rotation": [-17.5, 0, -45], "uv": [28, 1]},
						{"origin": [-1.5, 1.95748, 4.4552], "size": [3, 0, 7], "inflate": 0.025, "pivot": [0, 0, 7.33801], "rotation": [17.5, 0, -45], "uv": [28, 1]},
						{"origin": [-1.5, 1.00592, 4.16678], "size": [3, 0, 7], "inflate": 0.025, "pivot": [-0.5, 0.46116, 4.10262], "rotation": [17.5, 0, 0], "uv": [28, 1]},
						{"origin": [-1.5, -1.00592, 4.16678], "size": [3, 0, 7], "inflate": 0.025, "pivot": [-0.5, -0.46116, 4.10262], "rotation": [-17.5, 0, 0], "uv": [28, 1]},
						{"origin": [1.81408, -1.5, 7.43313], "size": [0, 3, 6], "inflate": 0.025, "pivot": [0, 0, 9.86115], "rotation": [0, 17.5, 22.5], "uv": [37, 6]},
						{"origin": [-1.81408, -1.5, 7.43313], "size": [0, 3, 6], "inflate": 0.025, "pivot": [0, 0, 9.86115], "rotation": [0, -17.5, 22.5], "uv": [37, 6], "mirror": true},
						{"origin": [-1.5, -1.81408, 7.43313], "size": [3, 0, 6], "inflate": 0.025, "pivot": [0, 0, 9.86115], "rotation": [-17.5, 0, 22.5], "uv": [37, 6]},
						{"origin": [-1.5, 1.81408, 7.43313], "size": [3, 0, 6], "inflate": 0.025, "pivot": [0, 0, 9.86115], "rotation": [17.5, 0, 22.5], "uv": [37, 6]},
						{"origin": [-1.5, 1.81408, 7.43313], "size": [3, 0, 6], "inflate": 0.025, "pivot": [0, 0, 9.86115], "rotation": [17.5, 0, -22.5], "uv": [37, 6]},
						{"origin": [-1.5, -1.81408, 7.43313], "size": [3, 0, 6], "inflate": 0.025, "pivot": [0, 0, 9.86115], "rotation": [-17.5, 0, -22.5], "uv": [37, 6]},
						{"origin": [1.81408, -1.5, 7.43313], "size": [0, 3, 6], "inflate": 0.025, "pivot": [0, 0, 9.86115], "rotation": [0, 17.5, -22.5], "uv": [37, 6]},
						{"origin": [-1.81408, -1.5, 7.43313], "size": [0, 3, 6], "inflate": 0.025, "pivot": [0, 0, 9.86115], "rotation": [0, -17.5, -22.5], "uv": [37, 6]},
						{"origin": [-1, 1.19383, 10.26071], "size": [2, 0, 5], "inflate": 0.025, "pivot": [0, 0, 12.38429], "rotation": [17.5, 0, 0], "uv": [20, 48]},
						{"origin": [-1, -1.19383, 10.26071], "size": [2, 0, 5], "inflate": 0.025, "pivot": [0, 0, 12.38429], "rotation": [-17.5, 0, 0], "uv": [20, 48]},
						{"origin": [-1.19383, -1, 10.26071], "size": [0, 2, 5], "inflate": 0.025, "pivot": [0, 0, 12.38429], "rotation": [0, -17.5, 0], "uv": [20, 48]},
						{"origin": [1.19383, -1, 10.26071], "size": [0, 2, 5], "inflate": 0.025, "pivot": [0, 0, 12.38429], "rotation": [0, 17.5, 0], "uv": [20, 48]},
						{"origin": [-1.19383, -1, 10.26071], "size": [0, 2, 5], "inflate": 0.025, "pivot": [0, 0, 12.38429], "rotation": [0, -17.5, -45], "uv": [20, 48]},
						{"origin": [1.19383, -1, 10.26071], "size": [0, 2, 5], "inflate": 0.025, "pivot": [0, 0, 12.38429], "rotation": [0, 17.5, -45], "uv": [20, 48]},
						{"origin": [-1, 1.19383, 10.26071], "size": [2, 0, 5], "inflate": 0.025, "pivot": [0, 0, 12.38429], "rotation": [17.5, 0, -45], "uv": [20, 48]},
						{"origin": [-1, -1.19383, 10.26071], "size": [2, 0, 5], "inflate": 0.025, "pivot": [0, 0, 12.38429], "rotation": [-17.5, 0, -45], "uv": [20, 48]},
						{"origin": [-1, 0.75454, 12.58223], "size": [2, 0, 4], "inflate": 0.025, "pivot": [0, 0, 14.48289], "rotation": [7.5, 0, 22.5], "uv": [16, 44]},
						{"origin": [-1, -0.75454, 12.58223], "size": [2, 0, 4], "inflate": 0.025, "pivot": [0, 0, 14.48289], "rotation": [-7.5, 0, 22.5], "uv": [16, 44]},
						{"origin": [-0.75454, -1, 12.58223], "size": [0, 2, 4], "inflate": 0.025, "pivot": [0, 0, 14.48289], "rotation": [0, -7.5, 22.5], "uv": [16, 44], "mirror": true},
						{"origin": [0.75454, -1, 12.58223], "size": [0, 2, 4], "inflate": 0.025, "pivot": [0, 0, 14.48289], "rotation": [0, 7.5, 22.5], "uv": [16, 44]},
						{"origin": [-0.75454, -1, 12.58223], "size": [0, 2, 4], "inflate": 0.025, "pivot": [0, 0, 14.48289], "rotation": [0, -7.5, -22.5], "uv": [16, 44]},
						{"origin": [0.75454, -1, 12.58223], "size": [0, 2, 4], "inflate": 0.025, "pivot": [0, 0, 14.48289], "rotation": [0, 7.5, -22.5], "uv": [16, 44]},
						{"origin": [-1, 0.75454, 12.58223], "size": [2, 0, 4], "inflate": 0.025, "pivot": [0, 0, 14.48289], "rotation": [7.5, 0, -22.5], "uv": [16, 44]},
						{"origin": [-1, -0.75454, 12.58223], "size": [2, 0, 4], "inflate": 0.025, "pivot": [0, 0, 14.48289], "rotation": [-7.5, 0, -22.5], "uv": [16, 44]}
					]
				}
			]
		}
	]
},
	"texture": "moreplayermodels:textures/longtail/fluffy_colorpoint.png",
	"body_part": "body",
	"menu": "♥ Long Tails",
	"animation_inherit": "longtail",
	"preview_rotation": 135,
	"translate": [0, -4, 14],
	"scale": [1, 1, 1],
	"rotate_offset": [0, -12, 0.0],
	"rotate": [10, 0, 0.0],
	"author": "Ruvy"
}