{
	"name": "Feline Tail Tuft",
	"render_type": "bedrock",
	"hidden_parts": [none],
	"render_data" : {
	"format_version": "1.12.0",
	"minecraft:geometry": [
		{
			"description": {
				"identifier": "geometry.base",
				"texture_width": 64,
				"texture_height": 64,
				"visible_bounds_width": 4,
				"visible_bounds_height": 1.5,
				"visible_bounds_offset": [0, 0.25, 0]
			},
			"bones": [
				{
					"name": "tail",
					"pivot": [0, 0, -16]
				},
				{
					"name": "base",
					"parent": "tail",
					"pivot": [0, 0, -16]
				},
				{
					"name": "mid1",
					"parent": "base",
					"pivot": [0, 0, -8]
				},
				{
					"name": "mid2",
					"parent": "mid1",
					"pivot": [0, 0, 0]
				},
				{
					"name": "end",
					"parent": "mid2",
					"pivot": [0, 0, 8],
					"cubes": [
						{"origin": [-0.75, -2, 11], "size": [0, 3, 4], "inflate": 0.025, "uv": [28, 0]},
						{"origin": [0, -2.75, 10], "size": [0, 4, 7], "inflate": 0.025, "uv": [16, 16]},
						{"origin": [0.75, -2, 11], "size": [0, 3, 4], "inflate": 0.025, "uv": [24, 15]}
					]
				}
			]
		}
	]
},
	"texture": "moreplayermodels:textures/longtail/feline_base.png",
	"body_part": "body",
	"menu": "♥ Long Tails",
	"animation_inherit": "longtail",
	"preview_rotation": 135,
	"translate": [0, -4, 14],
	"scale": [1, 1, 1],
	"rotate_offset": [0, -12, 0.0],
	"rotate": [10, 0, 0.0],
	"author": "Ruvy"
}