{
	"name": "Reptile Tail Spikes",
	"render_type": "bedrock",
	"hidden_parts": [none],
	"render_data" : {
	"format_version": "1.12.0",
	"minecraft:geometry": [
		{
			"description": {
				"identifier": "geometry.base",
				"texture_width": 64,
				"texture_height": 64,
				"visible_bounds_width": 4,
				"visible_bounds_height": 3,
				"visible_bounds_offset": [0, 0.5, 0]
			},
			"bones": [
				{
					"name": "tail",
					"pivot": [0, 0, -16]
				},
				{
					"name": "base",
					"parent": "tail",
					"pivot": [0, 0, -16],
					"cubes": [
						{"origin": [-0.5, -9.35495, -11.77652], "size": [1, 1, 1], "pivot": [0, 1.25, -0.11091], "rotation": [-45, 0, 0], "uv": [0, 16]},
						{"origin": [-0.5, -7.85495, -10.27652], "size": [1, 1, 1], "pivot": [0, 1.25, -0.11091], "rotation": [-45, 0, 0], "uv": [8, 14]},
						{"origin": [-0.5, -4.85495, -7.27652], "size": [1, 1, 1], "pivot": [0, 1.25, -0.11091], "rotation": [-45, 0, 0], "uv": [0, 14]},
						{"origin": [-0.5, -6.35495, -8.77652], "size": [1, 1, 1], "pivot": [0, 1.25, -0.11091], "rotation": [-45, 0, 0], "uv": [4, 14]}
					]
				},
				{
					"name": "mid1",
					"parent": "base",
					"pivot": [0, 0, -8],
					"cubes": [
						{"origin": [-0.5, 0.44835, -1.26612], "size": [1, 1, 1], "pivot": [0, 1.25, -0.11091], "rotation": [-45, 0, 0], "uv": [8, 10]},
						{"origin": [-0.5, -1.05165, -2.76612], "size": [1, 1, 1], "pivot": [0, 1.25, -0.11091], "rotation": [-45, 0, 0], "uv": [0, 12]},
						{"origin": [-0.5, -2.55165, -4.26612], "size": [1, 1, 1], "pivot": [0, 1.25, -0.11091], "rotation": [-45, 0, 0], "uv": [4, 12]},
						{"origin": [-0.5, -4.05165, -5.76612], "size": [1, 1, 1], "pivot": [0, 1.25, -0.11091], "rotation": [-45, 0, 0], "uv": [8, 12]}
					]
				},
				{
					"name": "mid2",
					"parent": "mid1",
					"pivot": [0, 0, 0],
					"cubes": [
						{"origin": [-0.5, 5.75165, 4.74429], "size": [1, 1, 1], "inflate": -0.1, "pivot": [0, 1.25, -0.11091], "rotation": [-45, 0, 0], "uv": [4, 10]},
						{"origin": [-0.5, 4.25165, 3.24429], "size": [1, 1, 1], "inflate": -0.1, "pivot": [0, 1.25, -0.11091], "rotation": [-45, 0, 0], "uv": [0, 10]},
						{"origin": [-0.5, 2.75165, 1.74429], "size": [1, 1, 1], "inflate": -0.1, "pivot": [0, 1.25, -0.11091], "rotation": [-45, 0, 0], "uv": [6, 2]},
						{"origin": [-0.5, 1.25165, 0.24429], "size": [1, 1, 1], "inflate": -0.1, "pivot": [0, 1.25, -0.11091], "rotation": [-45, 0, 0], "uv": [6, 0]}
					]
				},
				{
					"name": "end",
					"parent": "mid2",
					"pivot": [0, 0, 8],
					"cubes": [
						{"origin": [-0.5, 6.55495, 6.2547], "size": [1, 1, 1], "inflate": -0.1, "pivot": [0, 1.25, -0.11091], "rotation": [-45, 0, 0], "uv": [3, 3]},
						{"origin": [-0.5, 8.05495, 7.7547], "size": [1, 1, 1], "inflate": -0.1, "pivot": [0, 1.25, -0.11091], "rotation": [-45, 0, 0], "uv": [3, 1]},
						{"origin": [-0.5, 9.55495, 9.2547], "size": [1, 1, 1], "inflate": -0.1, "pivot": [0, 1.25, -0.11091], "rotation": [-45, 0, 0], "uv": [0, 2]},
						{"origin": [-0.5, 11.05495, 10.7547], "size": [1, 1, 1], "inflate": -0.1, "pivot": [0, 1.25, -0.11091], "rotation": [-45, 0, 0], "uv": [0, 0]}
					]
				}
			]
		}
	]
},
	"texture": "moreplayermodels:textures/longtail/reptile_base.png",
	"body_part": "body",
	"menu": "♥ Long Tails",
	"animation_inherit": "longtail",
	"preview_rotation": 135,
	"translate": [0, -4, 14],
	"scale": [1, 1, 1],
	"rotate_offset": [0, -12, 0.0],
	"rotate": [10, 0, 0.0],
	"author": "Ruvy"
}