{
	"name": "Aquatic Tail Stripes - Shark Fin",
	"render_type": "bedrock",
	"hidden_parts": [none],
	"render_data" : {
	"format_version": "1.12.0",
	"minecraft:geometry": [
		{
			"description": {
				"identifier": "geometry.base",
				"texture_width": 64,
				"texture_height": 64,
				"visible_bounds_width": 4,
				"visible_bounds_height": 3,
				"visible_bounds_offset": [0, 0.5, 0]
			},
			"bones": [
				{
					"name": "tail",
					"pivot": [0, 0, -16]
				},
				{
					"name": "base",
					"parent": "tail",
					"pivot": [0, 0, -16]
				},
				{
					"name": "mid1",
					"parent": "base",
					"pivot": [0, 0, -8]
				},
				{
					"name": "mid2",
					"parent": "mid1",
					"pivot": [0, 0, 0]
				},
				{
					"name": "end",
					"parent": "mid2",
					"pivot": [0, 0, 8],
					"cubes": [
						{"origin": [-0.5, -4.14645, 14.38909], "size": [1, 9, 5], "inflate": 0.025, "pivot": [1, 1.85355, 19.88909], "rotation": [-45, 0, 0], "uv": [17, 31]},
						{"origin": [-0.5, -6.14645, 16.38909], "size": [1, 5, 5], "pivot": [1, 1.85355, 19.88909], "rotation": [-45, 0, 0], "uv": [0, 33]}
					]
				}
			]
		}
	]
},
	"texture": "moreplayermodels:textures/longtail/aquatic_stripes.png",
	"body_part": "body",
	"menu": "♥ Long Tails",
	"animation_inherit": "longtail",
	"preview_rotation": 135,
	"translate": [0, -4, 14],
	"scale": [1, 1, 1],
	"rotate_offset": [0, -12, 0.0],
	"rotate": [10, 0, 0.0],
	"author": "Ruvy"
}