{
	"name": "Aquatic Tail Spots - Front Flippers",
	"render_type": "bedrock",
	"hidden_parts": [none],
	"render_data" : {
	"format_version": "1.12.0",
	"minecraft:geometry": [
		{
			"description": {
				"identifier": "geometry.base",
				"texture_width": 64,
				"texture_height": 64,
				"visible_bounds_width": 4,
				"visible_bounds_height": 3,
				"visible_bounds_offset": [0, 0.5, 0]
			},
			"bones": [
				{
					"name": "tail",
					"pivot": [0, 0, -16]
				},
				{
					"name": "base",
					"parent": "tail",
					"pivot": [0, 0, -16],
					"cubes": [
						{"origin": [1.76777, -5.21246, -12.16709], "size": [7, 1, 4], "inflate": 0.025, "pivot": [4.76777, -4.71246, -12.66709], "rotation": [16.32495, -15.69986, 42.73421], "uv": [0, 28]},
						{"origin": [-8.76777, -5.21246, -12.16709], "size": [7, 1, 4], "inflate": 0.025, "pivot": [-4.76777, -4.71246, -12.66709], "rotation": [16.32495, 15.69986, -42.73421], "uv": [0, 28], "mirror": true}
					]
				},
				{
					"name": "mid1",
					"parent": "base",
					"pivot": [0, 0, -8]
				},
				{
					"name": "mid2",
					"parent": "mid1",
					"pivot": [0, 0, 0]
				},
				{
					"name": "end",
					"parent": "mid2",
					"pivot": [0, 0, 8]
				}
			]
		}
	]
},
	"texture": "moreplayermodels:textures/longtail/aquatic_spots.png",
	"body_part": "body",
	"menu": "♥ Long Tails",
	"animation_inherit": "longtail",
	"preview_rotation": 135,
	"translate": [0, -4, 14],
	"scale": [1, 1, 1],
	"rotate_offset": [0, -12, 0.0],
	"rotate": [10, 0, 0.0],
	"author": "Ruvy"
}