{
	"name": "Feathered Tail Color 4 (Long)",
	"parent": "moreplayermodels:parts/longtail/d_feather_b.json",
	"render_type": "bedrock",
	"hidden_parts": [none],
	"render_data" : {
	"format_version": "1.12.0",
	"minecraft:geometry": [
		{
			"description": {
				"identifier": "geometry.base",
				"texture_width": 128,
				"texture_height": 128,
				"visible_bounds_width": 4,
				"visible_bounds_height": 3,
				"visible_bounds_offset": [0, 0.5, 0]
			},
			"bones": [
				{
					"name": "tail",
					"pivot": [0, 1, -15]
				},
				{
					"name": "base",
					"parent": "tail",
					"pivot": [0, 1, -15]
				},
				{
					"name": "mid1",
					"parent": "base",
					"pivot": [0, 1, -7],
					"cubes": [
						{"origin": [0.5, -0.75, -7], "size": [0, 2, 9], "pivot": [0.5, 0, -3], "rotation": [-6.93488, -2.86313, -22.32648], "uv": [97, 12]},
						{"origin": [-0.5, -0.75, -7], "size": [0, 2, 9], "pivot": [-0.5, 0, -3], "rotation": [-6.93488, 2.86313, 22.32648], "uv": [73, 45]}
					]
				},
				{
					"name": "mid2",
					"parent": "mid1",
					"pivot": [0, 1, 1],
					"cubes": [
						{"origin": [0.84829, -1.30496, 0.32961], "size": [0, 2, 10], "pivot": [0.34829, 0.19504, 3.32961], "rotation": [-5.31847, -5.29571, -44.75386], "uv": [40, 45]},
						{"origin": [-0.84829, -1.30496, 0.32961], "size": [0, 2, 10], "pivot": [-0.34829, 0.19504, 3.32961], "rotation": [-5.31847, 5.29571, 44.75386], "uv": [104, 34]},
						{"origin": [1.2531, -1.23603, 3.3398], "size": [0, 2, 9], "pivot": [1.4031, 0.01397, 8.8398], "rotation": [-13.0623, -4.29991, -64.94764], "uv": [73, 39]},
						{"origin": [-1.2531, -1.23603, 3.3398], "size": [0, 2, 9], "pivot": [-1.4031, 0.01397, 8.8398], "rotation": [-13.0623, 4.29991, 64.94764], "uv": [106, 44]}
					]
				}
			]
		}
	]
},
	"texture": "moreplayermodels:textures/longtail/feather_base.png",
	"body_part": "body",
	"menu": "♥ Long Tails 2",
	"animation_inherit": "longtail",
	"preview_rotation": 135,
	"translate": [0, -4, 14],
	"scale": [1, 1, 1],
	"rotate_offset": [0, -12, 0.0],
	"rotate": [10, 0, 0.0],
	"author": "Ruvy"
}