{
  "idle" : {
    "animation_length" : 3,
    "animation_speed" : 1.0,
    "additional" : true,
    "bones" : {
      "whisp1" : {
		"translate": [[0, 3, 0], [0, 0.25, 0], [0, 3, 0 ]],
		"rotation": [[0, 1, 0], [0, 0, 0], [0, 1, 0 ]]     
      },
	  "whisp2" : {
		"translate": [[0, 2, 0], [0, 0, 0], [0, 2, 0 ]],
		"rotation": [[0, -2.5, 0], [0, 0, 0], [0, -2.5, 0 ]]   
	  },
	   "whisp3" : {
		"translate": [[0, 0.25, 0], [0, -3, 0], [0, 0.25, 0 ]],
		"rotation": [[0, 5, 0], [0, 0, 0], [0, -5, 0 ]]    
      }
    }
  },
   "walk" : {
    "animation_length" : 3,
    "animation_speed" : 1.0,
    "additional" : true,
    "bones" : {
      "whisp1" : {
		"translate": [[0, 3, 0], [0, 0.25, 0], [0, 3, 0 ]],
		"rotation": [[0, 1, 0], [0, 0, 0], [0, 1, 0 ]]   
      },
	  "whisp2" : {
		"translate": [[0, 2, 0], [0, 0, 0], [0, 2, 0 ]],
		"rotation": [[0, -2.5, 0], [0, 0, 0], [0, -2.5, 0 ]]   
      },
	   "whisp3" : {
		"translate": [[0, 0.25, 0], [0, -3, 0], [0, 0.25, 0 ]],
		"rotation": [[0, 5, 0], [0, 0, 0], [0, -5, 0 ]]
      }
    }
  },
  "crouch" : {
    "animation_length" : 3,
    "animation_speed" : 1.0,
    "additional" : true,
    "bones" : {
      "whisp1" : {
		"translate": [[0, 3, 0], [0, 0.25, 0], [0, 3, 0 ]],
		"rotation": [[0, 1, 0], [0, 0, 0], [0, 1, 0 ]]   
      },
	  "whisp2" : {
		"translate": [[0, 2, 0], [0, 0, 0], [0, 2, 0 ]],
		"rotation": [[0, -2.5, 0], [0, 0, 0], [0, -2.5, 0 ]]   
      },
	   "whisp3" : {
		"translate": [[0, 0.25, 0], [0, -3, 0], [0, 0.25, 0 ]],
		"rotation": [[0, 5, 0], [0, 0, 0], [0, -5, 0 ]]     
      }
    }
  }
}