{
  "walk" : {
    "animation_length" : 3,
    "animation_speed" : 1.0,
    "additional" : true,
    "bones" : {
      "left" : {
        "rotation": [[5, 0, 0], [0, 0, 0], [0, 0, 0]]
      },
	  "right" : {
        "rotation": [[5, 0, 0], [0, 0, 0], [0, 0, 0]]
      }
    }
  },
  "idle" : {
    "animation_length" : 4,
    "animation_speed" : 0.7,
    "additional" : true,
    "bones" : {
      "left" : {
        "rotation": [[2.5, 0, 0], [0, 0, 0], [-2.5, 0, 0],[0, 0, 0]]
      },
	  "right" : {
        "rotation": [[2.5, 0, 0], [0, 0, 0], [-2.5, 0, 0],[0, 0, 0]]
      }
    }
  },
  "fly" : {
    "animation_length" : 3,
    "animation_speed" : 1.0,
    "additional" : true,
    "bones" : {
      "left" : {
        "rotation": [[7.5, 2.5, 0], [0, 0, 0], [0, 0, 0]]
      },
	  "right" : {
        "rotation": [[7.5, -2.5, 0], [0, 0, 0], [0, 0, 0]]
      }
    }
  }
}