{
  "walk" : {
    "animation_length" : 3,
    "animation_speed" : 1.0,
    "additional" : true,
    "loop" : true,
    "bones" : {
      "left_leg" : {
        "rotation": [[85, 0, 0], [0, 0, 0], [-85, 0, 0]],
		"translate": [[0, 0, 1], [0, 0, 0.5], [0, 0, 0]]
      },
      "left_lower" : {
        "rotation": [[60, 0, 0], [0, 0, 0], [-70, 0, 0]],
		"translate": [[0, -0.75, -0.5], [0, 0, 0.5], [0, 1, 1.5]]
      },
      "right_leg" : {
        "rotation": [[-85, 0, 0], [0, 0, 0], [85, 0, 0]],
		"translate": [[0, 0, 0], [0, 0, 0.5], [0, 0, 1]]
      },
      "right_lower" : {
        "rotation": [[-70, 0, 0], [0, 0, 0], [60, 0, 0]],
		"translate": [[0, 1, 1.5], [0, 0, 0.5], [0, -0.75, -0.5]]
      }
    }
  },
  "fly" : {
    "animation_length" : 3,
    "animation_speed" : 1.0,
    "additional" : true,
    "loop" : true,
    "bones" : {
      "left_leg" : {
        "rotation": [[85, 0, 0], [0, 0, 0], [-85, 0, 0]],
		"translate": [[0, 0, 1], [0, 0, 0.5], [0, 0, 0]]
      },
      "left_lower" : {
        "rotation": [[60, 0, 0], [0, 0, 0], [-70, 0, 0]],
		"translate": [[0, -0.75, -0.5], [0, 0, 0.5], [0, 1, 1.5]]
      },
      "right_leg" : {
        "rotation": [[-85, 0, 0], [0, 0, 0], [85, 0, 0]],
		"translate": [[0, 0, 0], [0, 0, 0.5], [0, 0, 1]]
      },
      "right_lower" : {
        "rotation": [[-70, 0, 0], [0, 0, 0], [60, 0, 0]],
		"translate": [[0, 1, 1.5], [0, 0, 0.5], [0, -0.75, -0.5]]
      }
    }
  },
  "sit" : {
    "animation_length" : 1,
    "animation_speed" : 1.0,
    "additional" : true,
    "bones" : {
      "left_leg" : {
        "rotation": [[-118.2221, -24.1392, 24.5915]],
		"translate": [[0, 0, -1]]
      },
      "left_lower" : {
        "rotation": [[12.5, 0, 0]],
		"translate": [[0, -3, 2]]
      },
      "right_leg" : {
        "rotation": [[-105.1956, 8.6859, -0.7297]],
		"translate": [[0, 0, -1]]
      },
      "right_lower" : {
        "rotation": [[12.5, 0, 0]],
		"translate": [[0, -2, 2]]
      }
    }
  },
  "idle" : {
    "animation_length" : 1,
    "animation_speed" : 1.0,
    "additional" : true,
    "bones" : {
      "left_leg" : {
        "rotation": [[0, 0, 0]]
      },
      "left_lower" : {
        "rotation": [[0, 0, 0]],
		"translate": [[0, 0, 0.5]]
      },
      "right_leg" : {
        "rotation": [[0, 0, 0]]
      },
      "right_lower" : {
        "rotation": [[0, 0, 0]],
		"translate": [[0, 0, 0.5]]
      }
    }
  },
  "fly_idle" : {
    "animation_length" : 1,
    "animation_speed" : 1.0,
    "additional" : true,
    "bones" : {
      "left_leg" : {
        "rotation": [[0, 0, 0]]
      },
      "left_lower" : {
        "rotation": [[0, 0, 0]],
		"translate": [[0, 0, 0.5]]
      },
      "right_leg" : {
        "rotation": [[0, 0, 0]]
      },
      "right_lower" : {
        "rotation": [[0, 0, 0]],
		"translate": [[0, 0, 0.5]]
      }
    }
  },
  "crawl" : {
    "animation_length" : 3,
    "animation_speed" : 1.0,
    "additional" : true,
    "bones" : {
      "left_leg" : {
        "translate": [[0, 4, 0], [0, 0, 0], [0, -4, 0]]
      },
      "left_lower" : {
        "rotation": [[10, 0, 0], [0, 0, 0], [-20, 0, 0]],
		"translate": [[0, -0.25, -0.5], [0, 0, 0.5], [0, 0, 0.5]]
      },
      "right_leg" : {
        "translate": [[0, -4, 0], [0, 0, 0], [0, 4, 0]]
      },
      "right_lower" : {
        "rotation": [[-20, 0, 0], [0, 0, 0], [10, 0, 0]],
		"translate": [[0, 0, 0.5], [0, 0, 0.5], [0, -0.25, -0.5]]
      }
    }
  },
  "crouch" : {
    "animation_length" : 3,
    "animation_speed" : 1.0,
    "additional" : true,
    "bones" : {
      "left_leg" : {
        "rotation": [[85, 0, 0], [0, 0, 0], [-85, 0, 0]],
        "translate": [[0, 0, 6.5], [0, 0, 6], [0, 0, 5.5]]
      },
      "left_lower" : {
        "rotation": [[60, 0, 0], [0, 0, 0], [-70, 0, 0]],
		"translate": [[0, -0.75, -0.5], [0, 0, 0.5], [0, 1, 1.5]]
      },
      "right_leg" : {
        "rotation": [[-85, 0, 0], [0, 0, 0], [85, 0, 0]],
        "translate": [[0, 0, 5.5], [0, 0, 6], [0, 0, 6.5]]
      },
      "right_lower" : {
        "rotation": [[-70, 0, 0], [0, 0, 0], [60, 0, 0]],
		"translate": [[0, 1, 1.5], [0, 0, 0.5], [0, -0.75, -0.5]]
      }
    }
  },
  "swim" : {
    "animation_length" : 3,
    "animation_speed" : 1.0,
    "additional" : true,
    "loop" : true,
    "bones" : {
      "left_leg" : {
        "rotation": [[85, 0, 0], [0, 0, 0], [-85, 0, 0]],
		"translate": [[0, 0, 1], [0, 0, 0.5], [0, 0, 0]]
      },
      "left_lower" : {
        "rotation": [[60, 0, 0], [0, 0, 0], [-70, 0, 0]],
		"translate": [[0, -0.75, -0.5], [0, 0, 0.5], [0, 1, 1.5]]
      },
      "right_leg" : {
        "rotation": [[-85, 0, 0], [0, 0, 0], [85, 0, 0]],
		"translate": [[0, 0, 0], [0, 0, 0.5], [0, 0, 1]]
      },
      "right_lower" : {
        "rotation": [[-70, 0, 0], [0, 0, 0], [60, 0, 0]],
		"translate": [[0, 1, 1.5], [0, 0, 0.5], [0, -0.75, -0.5]]
      }
    }
  }
}