{
  "walk" : {
    "animation_length" : 2,
    "animation_speed" : 1,
    "additional" : true,
			"bones": {
				"anchor": {
					"rotation": [[0, 0, 0], [0, 0, 0]],
					"translate": [[0, 0, 0], [0, 0, 0]]
				},
				"anchor": {
					"rotation": [[0, 0, 0], [0, 0, 0]]
				},
				"head": {
					"rotation": [[65, 0, 0], [32.5, 0, 0]],
					"translate": [[0, -1, 1], [0, -1, 1]]
				},
				"body": {
					"rotation": [[5, 0, 0], [-12.5, 0, 0]],
					"translate": [[0, 0, 7], [0, 0, 7]]
				},
				"neck": {
					"rotation": [[-87.5, 0, 0], [-42.5, 0, 0]],
					"translate": [[0, 0, 4], [0, 0, 4]]
				},
				"neck2": {
					"rotation": [[22.5, 0, 0], [22.5, 0, 0]],
					"translate": [[0, 1, 1], [0, 1, 1]]
				},
				"tail": {
					"rotation": [[-27.5, 0, 0], [-2.5, 0, 0]],
					"translate": [[0, 0, -1.25], [0, 0, -0.75]]
				},
				"tail1": {
					"rotation": [[10.03742, -4.92385, -0.87038], [20.07031, 4.69776, 1.71394]],
					"translate": [[0, 0, -0.5], [0, 0, -0.5]]
				},
				"tail2": {
					"rotation": [[10.15108, -9.84655, -1.75378], [-2.50954, 4.99523, -0.21865]],
					"translate": [[0, 0, -0.25], [0, 0, -0.25]]
				},
				"tail3": {
					"rotation": [[10.23772, 12.3071, 2.20462], [-10.15108, -9.84655, 1.75378]],
					"translate": [[0, 0, -0.25], [0, 0, -0.25]]
				},
				"left_wing": {
					"rotation": [[11.97823, -7.80847, -65.90762], [-13.70122, -29.76212, -18.84303]],
					"translate": [[2, 1, 0], [2, 1, 0]]
				},
				"left_wing1": {
					"rotation": [[-21.48854, 67.36871, 6.50882], [23.04917, 44.87056, 5.96267]],
					"translate": [[-2, 0, -1], [-2, 0, -1]]
				},
				"left_wing2": {
					"rotation": [[-59.7773, -39.23087, 71.83054], [-28.89611, -38.84791, 31.05581]],
					"translate": [[-1, 1, 2], [-1, 0, 2]]
				},
				"right_wing": {
					"rotation": [[11.97823, 7.80847, 65.90762], [-13.70122, 29.76212, 18.84303]],
					"translate": [[-2, 1, 0], [-2, 1, 0]]
				},
				"right_wing1": {
					"rotation": [[-21.48854, -67.36871, -6.50882], [23.04917, -44.87056, -5.96267]],
					"translate": [[2, 0, -1], [2, 0, -1]]
				},
				"right_wing2": {
					"rotation": [[-59.7773, 39.23087, -71.83054], [-28.89611, 38.84791, -31.05581]],
					"translate": [[1, -1, 2], [1, 0, 2]]
				},
				"left_arm": {
					"rotation": [[67.5, 0, 0], [-90, 0, 0]],
					"translate": [[0, 2, 6], [0, 0, 6]]
				},
				"left_arm1": {
					"rotation": [[22.5, 0, 0], [-22.5, 0, 0]],
					"translate": [[0, 2, 0], [0, 0, 0]]
				},
				"left_arm_paw": {
					"rotation": [[45, 0, 0], [45, 0, 0]],
					"translate": [[0, -1, -0.25], [0, 0, 0]]
				},
				"right_arm": {
					"rotation": [[67.5, 0, 0], [-90, 0, 0]],
					"translate": [[0, 2, 6], [0, 0, 6]]
				},
				"right_arm1": {
					"rotation": [[22.5, 0, 0], [-22.5, 0, 0]],
					"translate": [[0, 2, 0], [0, 0, 0]]
				},
				"right_arm_paw": {
					"rotation": [[45, 0, 0], [45, 0, 0]],
					"translate": [[0, -1, -0.25], [0, 0, 0]]
				},
				"left_leg": {
					"rotation": [[-65.94102, -8.42106, -20.94102], [90, 0, 0]],
					"translate": [[0, 1, 6], [0, -1, 6]]
				},
				"left_leg1": {
					"rotation": [[-22.5, 0, 0], [22.5, 0, 0]],
					"translate": [[0, -1, 0], [0, 1, 0]]
				},
				"left_leg_paw": {
					"rotation": [[57.10063, -17.64966, 31.35092], [17.87968, -11.75171, 8.88142]],
					"translate": [[0, 0, 0], [0, 0, 0]]
				},
				"right_leg": {
					"rotation": [[-65.94102, 8.42106, 20.94102], [90, 0, 0]],
					"translate": [[0, 1, 6], [0, -1, 6]]
				},
				"right_leg1": {
					"rotation": [[-22.5, 0, 0], [22.5, 0, 0]],
					"translate": [[0, -1, 0], [0, 1, 0]]
				},
				"right_leg_paw": {
					"rotation": [[57.10063, 17.64966, -31.35092], [17.87968, 11.75171, -8.88142]],
					"translate": [[0, 0, 0], [0, 0, 0]]
				}
			}
  },
  "idle" : {
    "animation_length" : 2,
    "animation_speed" : 0.3,
    "additional" : true,
    "bones" : {
				"anchor": {
					"rotation": [[0, 0, 0], [0, 0, 0]],
					"translate": [[0, 0, 0], [0, 0, 0]]
				},
				"head": {
					"rotation": [[45, 0, 0], [42.5, 0, 0]],
					"translate": [[0, -1, 1], [0, -1, 1]]
				},
				"body": {
					"rotation": [[0, 0, 0], [-5, 0, 0]],
					"translate": [[0, 0, 7], [0, 0, 7]]
				},
				"neck": {
					"rotation": [[-60, 0, 0], [-65, 0, 0]],
					"translate": [[0, 0, 4], [0, 0, 4]]
				},
				"neck2": {
					"rotation": [[22.5, 0, 0], [22.5, 0, 0]],
					"translate": [[0, 1, 1], [0, 1, 1]]
				},
				"tail": {
					"rotation": [[-20.07031, 4.69776, -1.71394], [-22.57734, -4.61854, 1.91757]],
					"translate": [[0, 0, -1.25], [0, 0, -1.25]]
				},
				"tail1": {
					"rotation": [[12.54624, 4.88119, 1.08482], [10.03742, -4.92385, -0.87038]],
					"translate": [[0, 0, -0.5], [0, 0, -0.5]]
				},
				"tail2": {
					"rotation": [[12.54624, -4.88119, -1.08482], [10.03742, 4.92385, 0.87038]],
					"translate": [[0, 0, -0.25], [0, 0, -0.25]]
				},
				"tail3": {
					"rotation": [[12.68664, -9.76061, -2.18558], [10.15108, 9.84655, 1.75378]],
					"translate": [[0, 0, -0.25], [0, 0, -0.25]]
				},
				"left_arm": {
					"rotation": [[0, 0, 0], [0, 0, 0]],
					"translate": [[0, 1, 7], [0, 0, 7]]
				},
				"left_wing": {
					"rotation": [[7.85085, -31.63886, -59.72765], [13.70122, -29.76212, -71.15697]],
					"translate": [[2, 1, 0], [2, 1, 0]]
				},
				"left_wing1": {
					"rotation": [[18.29595, 66.0948, 25.29626], [1.01146, 67.36871, 6.50882]],
					"translate": [[-2, 0, -1], [-2, 0, -1]]
				},
				"left_wing2": {
					"rotation": [[-51.07705, -51.64014, 59.71252], [-43.98573, -57.18669, 51.0085]],
					"translate": [[-1, 0, 2], [-1, 0, 2]]
				},
				"left_leg": {
					"rotation": [[0, 0, 0], [0, 0, 0]],
					"translate": [[0, -1, 7], [0, 0, 7]]
				},
				"right_arm": {
					"rotation": [[0, 0, 0], [0, 0, 0]],
					"translate": [[0, 1, 7], [0, 0, 7]]
				},
				"right_wing": {
					"rotation": [[7.85085, 31.63886, 59.72765], [13.70122, 29.76212, 71.15697]],
					"translate": [[-2, 1, 0], [-2, 1, 0]]
				},
				"right_wing1": {
					"rotation": [[18.29595, -66.0948, -25.29626], [1.01146, -67.36871, -6.50882]],
					"translate": [[2, 0, -1], [2, 0, -1]]
				},
				"right_wing2": {
					"rotation": [[-51.07705, 51.64014, -59.71252], [-43.98573, 57.18669, -51.0085]],
					"translate": [[1, 0, 2], [1, 0, 2]]
				},
				"right_leg": {
					"rotation": [[0, 0, 0], [0, 0, 0]],
					"translate": [[0, -1, 6], [0, 0, 6]]
				},
				"left_arm1": {
					"rotation": [[0, 0, 0], [0, 0, 0]],
					"translate": [[0, -1, 0], [0, 0, 0]]
				},
				"left_arm_paw": {
					"rotation": [[0, 0, 0], [0, 0, 0]],
					"translate": [[0, 0, 0], [0, 0, 0]]
				},
				"right_arm1": {
					"rotation": [[0, 0, 0], [0, 0, 0]],
					"translate": [[0, -1, 0], [0, 0, 0]]
				},
				"right_arm_paw": {
					"rotation": [[0, 0, 0], [0, 0, 0]],
					"translate": [[0, 0, 0], [0, 0, 0]]
				},
				"left_leg1": {
					"rotation": [[0, 0, 0], [0, 0, 0]],
					"translate": [[0, 1, 0], [0, 0, 0]]
				},
				"left_leg_paw": {
					"rotation": [[0, 0, 0], [0, 0, 0]],
					"translate": [[0, 0, 0], [0, 0, 0]]
				},
				"right_leg1": {
					"rotation": [[0, 0, 0], [0, 0, 0]],
					"translate": [[0, 1, 0], [0, 0, 0]]
				},
				"right_leg_paw": {
					"rotation": [[0, 0, 0], [0, 0, 0]],
					"translate": [[0, 0, 0], [0, 0, 0]]
				}
			}
  },
  "sit" : {
    "animation_length" : 1,
    "animation_speed" : 1,
    "additional" : true,
    "bones" : {
				"anchor": {
					"rotation": [[0, 0, 0], [0, 0, 0]],
					"translate": [[0, 0, 0], [0, 0, 0]]
				},
				"head": {
					"rotation": [[35, 0, 0]],
					"translate": [[0, -1, 1]]
				},
				"body": {
					"rotation": [[-10, 0, 0]],
					"translate": [[0, 3, 10]]
				},
				"neck": {
					"rotation": [[-40, 0, 0]],
					"translate": [[0, 0, 3]]
				},
				"neck2": {
					"rotation": [[22.5, 0, 0]],
					"translate": [[0, 0.75, 1]]
				},
				"tail": {
					"rotation": [[-2.29431, -22.47741, -1.03509]],
					"translate": [[0.5, 2, -1.5]]
				},
				"tail1": {
					"rotation": [[11.76186, -57.75597, -13.40588]],
					"translate": [[2, 1.25, -2.5]]
				},
				"tail2": {
					"rotation": [[-6.29546, -42.79051, 4.93421]],
					"translate": [[0.75, 1, -1.25]]
				},
				"tail3": {
					"rotation": [[4.22721, -40.14319, -13.20895]],
					"translate": [[0, 0, -0.75]]
				},
				"left_wing": {
					"rotation": [[62.46356, -71.32958, -102.7032]],
					"translate": [[4, 0, -3]]
				},
				"left_wing1": {
					"rotation": [[149.50723, 38.34221, 169.8356]],
					"translate": [[0, 1, 0]]
				},
				"left_wing2": {
					"rotation": [[-73.61806, -16.3753, 140.01218]],
					"translate": [[-1.5, 1, 2.25]]
				},
				"right_wing": {
					"rotation": [[62.46356, 71.32958, 102.7032]],
					"translate": [[-4, 0, -3]]
				},
				"right_wing1": {
					"rotation": [[149.50723, -38.34221, -169.8356]],
					"translate": [[0, 1, 0]]
				},
				"right_wing2": {
					"rotation": [[-73.61806, 16.3753, -140.01218]],
					"translate": [[1.5, 1, 2.25]]
				},
				"left_arm": {
					"rotation": [[-45, 0, 10]],
					"translate": [[-1, 3, 9]]
				},
				"left_arm1": {
					"rotation": [[-13.86344, 20.42282, 21.98486]],
					"translate": [[0, 0.75, -1]]
				},
				"left_arm_paw": {
					"rotation": [[73.95433, 16.52433, 21.21181]],
					"translate": [[0.25, 1.25, -1.25]]
				},
				"right_arm": {
					"rotation": [[-44.56145, -7.05302, -17.10708]],
					"translate": [[1, 3, 8]]
				},
				"right_arm1": {
					"rotation": [[-13.07244, -22.80954, -43.50554]],
					"translate": [[0, 0.25, -0.5]]
				},
				"right_arm_paw": {
					"rotation": [[98.96978, -19.27165, -20.59271]],
					"translate": [[0.25, 1.5, -1.5]]
				},
				"left_leg": {
					"rotation": [[-22.81179, -9.23186, 3.86032]],
					"translate": [[1, 3.75, 6]]
				},
				"left_leg1": {
					"rotation": [[-47.70283, 15.16495, -27.86378]],
					"translate": [[-2, -1, 0]]
				},
				"left_leg_paw": {
					"rotation": [[55.58923, -18.99431, 28.23487]],
					"translate": [[0.5, 0, -0.25]]
				},
				"right_leg": {
					"rotation": [[-22.81179, 9.23186, -3.86032]],
					"translate": [[-1, 3.75, 6]]
				},
				"right_leg1": {
					"rotation": [[-47.70283, -15.16495, 27.86378]],
					"translate": [[2, -1, 0]]
				},
				"right_leg_paw": {
					"rotation": [[55.58923, 18.99431, -28.23487]],
					"translate": [[-0.5, 0, -0.25]]
				}
			}
  },
  "fly" : {
    "animation_length" : 2,
    "animation_speed" : 1,
    "additional" : true,
			"bones": {
				"anchor": {
					"translate": [[0, 0, 8], [0, 0, 8]]
				},
				"body": {
					"rotation": [[-4, 0, 0], [-6, 0, 0]],
					"translate": [[0, 1, -4], [0, 1, -4]]
				},
				"neck": {
					"translate": [[0, 0, 2], [0, 0, 2]]
				},
				"neck2": {
					"rotation": [[11.5, 0, 0], [13.5, 0, 0]],
					"translate": [[0, 1, 1], [0, 1, 1]]
				},
				"head": {
					"rotation": [[11.5, 0, 0], [13.5, 0, 0]]
				},
				"tail": {
					"rotation": [[-9.03, -1.85, 1.92], [9.03, 1.85, 1.92]],
					"translate": [[0, 0, -1], [0, 0, -1]]
				},
				"tail1": {
					"rotation": [[-9.07, 2.77, -2.88], [9.07, -2.77, -2.88]],
					"translate": [[0, 0, -1], [0, 0, -1]]
				},
				"tail2": {
					"rotation": [[9.03, 1.85, 1.92], [-9.03, -1.85, 1.92]],
					"translate": [[0, 0, -0.5], [0, 0, -0.5]]
				},
				"tail3": {
					"rotation": [[9.03, -1.85, -1.92], [-9.03, 1.85, -1.92]],
					"translate": [[0, 0, -0.5], [0, 0, -0.5]]
				},
				"left_wing": {
					"rotation": [[11.67, -4.46, -34.64], [11.26, 0.01, 7.04]],
					"translate": [[2.3, 1.3, 0], [2.7, 1.7, 0]]
				},
				"left_wing1": {
					"rotation": [[-6.53, 16.37, -2.19], [6.41, 12.22, 16.63]],
					"translate": [[-1, 0.17, 0.3], [-1, 0.07, 0.7]]
				},
				"left_wing2": {
					"rotation": [[-0.69, -13.07, -2.38], [-15.23, -9.66, 16.77]],
					"translate": [[-0.42, 0.37, 0.85], [-0.32, 0.87, 0.65]]
				},
				"right_wing": {
					"rotation": [[11.67, 4.46, 34.64], [11.26, -0.01, -7.04]],
					"translate": [[-2.3, 1.3, 0], [-2.7, 1.7, 0]]
				},
				"right_wing1": {
					"rotation": [[-6.53, -16.37, 2.19], [6.41, -12.22, -16.63]],
					"translate": [[1, 0.17, 0.3], [1, 0.07, 0.7]]
				},
				"right_wing2": {
					"rotation": [[-0.69, 13.07, 2.38], [-15.23, 9.66, -16.77]],
					"translate": [[0.43, 0.37, 0.85], [0.33, 0.87, 0.65]]
				},
				"right_arm": {
					"rotation": [[5.35, -8.42, 5.41], [-3.65, -8.42, 5.41]],
					"translate": [[0, 3.7, -7], [0, 3.3, -7]]
				},
				"right_arm1": {
					"rotation": [[-45, 0, 0], [-45, 0, 0]],
					"translate": [[0, 0, 0], [0, 0, 0]]
				},
				"right_arm_paw": {
					"rotation": [[76.95, 10.38, -29.8], [85.95, 10.38, -29.8]],
					"translate": [[0.15, 1, -0.7], [0.35, 1, -0.3]]
				},
				"left_arm": {
					"rotation": [[-17.15, 8.42, -5.41], [-26.15, 8.42, -5.41]],
					"translate": [[0, 3.7, -7], [0, 3.3, -7]]
				},
				"left_arm1": {
					"rotation": [[-45, 0, 0], [-45, 0, 0]],
					"translate": [[0, 0, 0], [0, 0, 0]]
				},
				"left_arm_paw": {
					"rotation": [[95.1, -20.7, 9.01], [104.1, -20.7, 9.01]],
					"translate": [[0, 1, -0.2], [0, 1, 0.2]]
				},
				"right_leg": {
					"rotation": [[12.5, 0, 0], [12.5, 0, 0]],
					"translate": [[0, 1.3, -5], [0, 1.7, -5]]
				},
				"right_leg1": {
					"rotation": [[-2.95, -6.58, -1.54], [6.45, -15.36, -3.59]],
					"translate": [[0, 0, 0], [0, 0, 0]]
				},
				"right_leg_paw": {
					"rotation": [[77.73, 22.73, -33.4], [77.73, 22.73, -33.4]],
					"translate": [[0, 0, 0], [0, 0, 0]]
				},
				"left_leg": {
					"rotation": [[22.5, 0, 0], [22.5, 0, 0]],
					"translate": [[0, 2.3, -5], [0, 2.7, -5]]
				},
				"left_leg1": {
					"rotation": [[-11.56, 14.26, -5.98], [8.84, 17.94, 2.58]],
					"translate": [[0, 1, 0], [0, 1, 0]]
				},
				"left_leg_paw": {
					"rotation": [[79.01, -24.13, 30.81], [79.01, -24.13, 30.81]],
					"translate": [[0, 0, 0], [0, 0, 0]]
				}
			}
  },
  "fly_idle" : {
    "animation_length" : 2,
    "animation_speed" : 1,
    "additional" : true,
			"bones": {
				"anchor": {
					"rotation": [[-10, 0, 0], [-10, 0, 0]],
					"translate": [[0, 0, 8], [0, 0, 8]]
				},
				"body": {
					"rotation": [[-2.5, 0, 0], [-7.5, 0, 0]],
					"translate": [[0, 1, -4], [0, 1, -4]]
				},
				"neck": {
					"rotation": [[-32.5, 0, 0], [-32.5, 0, 0]],
					"translate": [[0, -1, 3], [0, -1, 3]]
				},
				"neck2": {
					"rotation": [[30, 0, 0], [35, 0, 0]],
					"translate": [[0, 1, 2], [0, 1, 2]]
				},
				"head": {
					"rotation": [[30, 0, 0], [35, 0, 0]]
				},
				"tail": {
					"rotation": [[-22.57734, -4.61854, 1.91757], [22.57734, 4.61854, 1.91757]],
					"translate": [[0, 0, -1], [0, 0, -1]]
				},
				"tail1": {
					"rotation": [[-22.67458, 6.92618, -2.88419], [22.67458, -6.92618, -2.88419]],
					"translate": [[0, 0, -1], [0, 0, -1]]
				},
				"tail2": {
					"rotation": [[22.57734, 4.61854, 1.91757], [-22.57734, -4.61854, 1.91757]],
					"translate": [[0, 0, -0.5], [0, 0, -0.5]]
				},
				"tail3": {
					"rotation": [[22.57734, -4.61854, -1.91757], [-22.57734, 4.61854, -1.91757]],
					"translate": [[0, 0, -0.5], [0, 0, -0.5]]
				},
				"left_wing": {
					"rotation": [[11.97823, -7.80847, -65.90762], [10.94603, 3.36923, 38.30297]],
					"translate": [[2, 1, 0], [3, 2, 0]]
				},
				"left_wing1": {
					"rotation": [[-16.24311, 19.47489, -16.30176], [16.12213, 9.1106, 30.74144]],
					"translate": [[-1, 0.25, 0], [-1, 0, 1]]
				},
				"left_wing2": {
					"rotation": [[10.20591, -15.63037, -16.74433], [-26.12875, -7.09443, 31.14069]],
					"translate": [[-0.5, 0, 1], [-0.25, 1.25, 0.5]]
				},
				"right_wing": {
					"rotation": [[11.97823, 7.80847, 65.90762], [10.94603, -3.36923, -38.30297]],
					"translate": [[-2, 1, 0], [-3, 2, 0]]
				},
				"right_wing1": {
					"rotation": [[-16.24311, -19.47489, 16.30176], [16.12213, -9.1106, -30.74144]],
					"translate": [[1, 0.25, 0], [1, 0, 1]]
				},
				"right_wing2": {
					"rotation": [[10.20591, 15.63037, 16.74433], [-26.12875, 7.09443, -31.14069]],
					"translate": [[0.5, 0, 1], [0.25, 1.25, 0.5]]
				},
				"right_arm": {
					"rotation": [[12.10125, -8.42145, 5.41207], [-10.39875, -8.42145, 5.41207]],
					"translate": [[0, 4, -7], [0, 3, -7]]
				},
				"right_arm1": {
					"rotation": [[-45, 0, 0], [-45, 0, 0]],
					"translate": [[0, 0, 0], [0, 0, 0]]
				},
				"right_arm_paw": {
					"rotation": [[70.1991, 10.38107, -29.8009], [92.6991, 10.38107, -29.8009]],
					"translate": [[0, 1, -1], [0.5, 1, 0]]
				},
				"left_arm": {
					"rotation": [[-10.39875, 8.42145, -5.41207], [-32.89875, 8.42145, -5.41207]],
					"translate": [[0, 4, -7], [0, 3, -7]]
				},
				"left_arm1": {
					"rotation": [[-45, 0, 0], [-45, 0, 0]],
					"translate": [[0, 0, 0], [0, 0, 0]]
				},
				"left_arm_paw": {
					"rotation": [[88.35133, -20.70481, 9.00717], [110.85133, -20.70481, 9.00717]],
					"translate": [[0, 1, -0.5], [0, 1, 0.5]]
				},
				"right_leg": {
					"rotation": [[12.5, 0, 0], [12.5, 0, 0]],
					"translate": [[0, 1, -5], [0, 2, -5]]
				},
				"right_leg1": {
					"rotation": [[-10, 0, 0], [13.4936, -21.93857, -5.123]],
					"translate": [[0, 0, 0], [0, 0, 0]]
				},
				"right_leg_paw": {
					"rotation": [[77.7268, 22.73434, -33.39592], [77.7268, 22.73434, -33.39592]],
					"translate": [[0, 0, 0], [0, 0, 0]]
				},
				"left_leg": {
					"rotation": [[22.5, 0, 0], [22.5, 0, 0]],
					"translate": [[0, 2, -5], [0, 3, -5]]
				},
				"left_leg1": {
					"rotation": [[-26.87014, 11.4916, -12.39647], [24.14867, 20.70481, 9.00717]],
					"translate": [[0, 1, 0], [0, 1, 0]]
				},
				"left_leg_paw": {
					"rotation": [[79.01347, -24.12716, 30.81396], [79.01347, -24.12716, 30.81396]],
					"translate": [[0, 0, 0], [0, 0, 0]]
				}
			}
  },
  "sleep" : {
    "animation_length" : 1,
    "animation_speed" : 1,
    "additional" : true,
    "bones" : {
				"anchor": {
					"rotation": [[0, 0, 0], [0, 0, 0]],
					"translate": [[0, 0, 0], [0, 0, 0]]
				},
				"body": {
					"rotation": [[-90, 0, 0]],
					"translate": [[0, 13, -9]]
				},
				"neck": {
					"rotation": [[0, 0, 0]],
					"translate": [[0, 2, 0]]
				},
				"neck2": {
					"rotation": [[22.5, 0, 0]],
					"translate": [[0, 1, 1]]
				},
				"head": {
					"rotation": [[45, 0, 0]],
					"translate": [[0, -1, 1]]
				},
				"tail": {
					"rotation": [[-10.03742, 4.92385, -0.87038]],
					"translate": [[0, 0, -1]]
				},
				"tail1": {
					"rotation": [[10.019, -4.98093, -0.43688]],
					"translate": [[0, 0, -0.5]]
				},
				"tail2": {
					"rotation": [[5.019, -4.98093, -0.43688]],
					"translate": [[0, 0, -0.25]]
				},
				"tail3": {
					"rotation": [[-10.03742, 4.92385, -0.87038]]
				},
				"left_wing": {
					"rotation": [[3.49226, 34.84748, 6.0963]]
				},
				"left_wing1": {
					"rotation": [[6.01146, 67.36871, 6.50882]],
					"translate": [[-2, 0, 0]]
				},
				"left_wing2": {
					"rotation": [[-2.5, -67.5, 0]],
					"translate": [[0, 0, 2]]
				},
				"right_wing": {
					"rotation": [[3.49226, -34.84748, -6.0963]]
				},
				"right_wing1": {
					"rotation": [[6.01146, -67.36871, -6.50882]],
					"translate": [[2, 0, 0]]
				},
				"right_wing2": {
					"rotation": [[-2.5, 67.5, 0]],
					"translate": [[0, 0, 2]]
				},
				"left_arm": {
					"rotation": [[-45.31179, 9.23186, -3.86032]],
					"translate": [[0, 5, 0]]
				},
				"left_arm1": {
					"rotation": [[-20.94102, 8.42106, 20.94102]],
					"translate": [[0, -1, 1]]
				},
				"left_arm_paw": {
					"rotation": [[126.01642, -16.01102, 10.97831]],
					"translate": [[0, 1, 0.25]]
				},
				"right_arm": {
					"rotation": [[-45.31179, -9.23186, 3.86032]],
					"translate": [[0, 5, 0]]
				},
				"right_arm1": {
					"rotation": [[-9.72, 18.44183, -32.78761]],
					"translate": [[0, -1, 1]]
				},
				"right_arm_paw": {
					"rotation": [[126.01642, 16.01102, -10.97831]],
					"translate": [[0, 1, 0.25]]
				},
				"left_leg": {
					"rotation": [[-28.50319, 24.83659, 1.8463]],
					"translate": [[1, 24, -17]]
				},
				"left_leg1": {
					"rotation": [[17.5, 0, 0]]
				},
				"left_leg_paw": {
					"rotation": [[58.86606, -19.00645, 35.03799]],
					"translate": [[0.25, 0.25, -0.5]]
				},
				"right_leg": {
					"rotation": [[-28.50319, -24.83659, -1.8463]],
					"translate": [[-1, 24, -17]]
				},
				"right_leg1": {
					"rotation": [[17.5, 0, 0]]
				},
				"right_leg_paw": {
					"rotation": [[58.86606, 19.00645, -35.03799]],
					"translate": [[-0.25, 0.25, -0.5]]
				}
			}
  },
  "crawl" : {
    "animation_length" : 2,
    "animation_speed" : 1,
    "additional" : true,
    "bones" : {
				"head": {
					"rotation": [[-2.5, 0, 0], [7.5, 0, 0]]
				},
				"body": {
					"rotation": [[-10, 0, 0], [-7.5, 0, 0]],
					"translate": [[0, 0, 7], [0, 0, 7]]
				},
				"neck": {
					"rotation": [[75, 0, 0], [62.5, 0, 0]],
					"translate": [[0, -1, -10], [0, -1, -10]]
				},
				"neck2": {
					"rotation": [[-5, 0, 0], [-2.5, 0, 0]],
					"translate": [[0, 0.5, 0.25], [0, 0.5, 0.25]]
				},
				"tail": {
					"rotation": [[7.5, -10, 0], [0, 10, 0]],
					"translate": [[0, 0.25, -0.75], [0, 0, -1.25]]
				},
				"tail1": {
					"rotation": [[10, -10, 0], [-10, 10, 0]],
					"translate": [[0, 0, -0.75], [0, 0, -0.75]]
				},
				"tail2": {
					"rotation": [[-10, 10, 0], [10, -10, 0]],
					"translate": [[0, 0, -0.5], [0, 0, -0.5]]
				},
				"tail3": {
					"rotation": [[-10, 20, 0], [10, -20, 0]],
					"translate": [[0, 0, -0.5], [0, 0, -0.5]]
				},
				"left_wing": {
					"rotation": [[4.98107, -44.78238, -29.55323], [0, -45, -22.5]],
					"translate": [[1, 2, -4], [1, 2, -4]]
				},
				"left_wing1": {
					"rotation": [[0, 107.5, 0], [0, 112.5, 0]],
					"translate": [[0, 0, 2], [0, 0, 2]]
				},
				"left_wing2": {
					"rotation": [[-42.73421, -58.60029, 47.26579], [-59.63881, -40.78947, 69.05898]],
					"translate": [[0, 1, 3], [0, 1, 3]]
				},
				"right_wing": {
					"rotation": [[4.98107, 44.78238, 29.55323], [0, 45, 22.5]],
					"translate": [[-1, 2, -4], [-1, 2, -4]]
				},
				"right_wing1": {
					"rotation": [[0, -107.5, 0], [0, -112.5, 0]],
					"translate": [[0, 0, 2], [0, 0, 2]]
				},
				"right_wing2": {
					"rotation": [[-42.73421, 58.60029, -47.26579], [-59.63881, 40.78947, -69.05898]],
					"translate": [[0, 1, 3], [0, 1, 3]]
				},
				"left_arm": {
					"rotation": [[45, 0, 0], [-45, 0, 0]],
					"translate": [[0, -5, 6], [0, -2, 2]]
				},
				"left_arm1": {
					"rotation": [[-90, 0, 0], [-22.5, 0, 0]],
					"translate": [[0, 1, -1], [0, 1, -1]]
				},
				"left_arm_paw": {
					"rotation": [[45, 0, 0], [67.5, 0, 0]],
					"translate": [[0.25, 1, -1], [0.25, 1, -1]]
				},
				"right_arm": {
					"rotation": [[-45, 0, 0], [45, 0, 0]],
					"translate": [[0, -2, 2], [0, -5, 6]]
				},
				"right_arm1": {
					"rotation": [[-22.5, 0, 0], [-90, 0, 0]],
					"translate": [[0, 1, -1], [0, 1, -1]]
				},
				"right_arm_paw": {
					"rotation": [[67.5, 0, 0], [45, 0, 0]],
					"translate": [[-0.25, 1, -1], [-0.25, 1, -1]]
				},
				"left_leg": {
					"rotation": [[67.5, 0, 0], [67.5, 0, 0]],
					"translate": [[1, 2, 2], [1, 2, 6]]
				},
				"left_leg1": {
					"rotation": [[6.49769, 12.60652, 21.24074], [6.49769, 12.60652, 21.24074]],
					"translate": [[0, 0, 0], [0, 0, 0]]
				},
				"left_leg_paw": {
					"rotation": [[77.4605, -33.34836, 38.55124], [77.4605, -33.34836, 38.55124]],
					"translate": [[0, 0, 0], [0, 0, 0]]
				},
				"right_leg": {
					"rotation": [[67.5, 0, 0], [67.5, 0, 0]],
					"translate": [[-1, 2, 6], [-1, 2, 2]]
				},
				"right_leg1": {
					"rotation": [[6.49769, -12.60652, -21.24074], [6.49769, -12.60652, -21.24074]],
					"translate": [[0, 0, 0], [0, 0, 0]]
				},
				"right_leg_paw": {
					"rotation": [[77.4605, 33.34836, -38.55124], [77.4605, 33.34836, -38.55124]],
					"translate": [[0, 0, 0], [0, 0, 0]]
				},
				"anchor": {
					"rotation": [[-90, 0, 0], [-90, 0, 0]],
					"translate": [[0, 0, 16], [0, 0, 16]]
				}
			}
  },
  "crouch" : {
    "animation_length" : 2,
    "animation_speed" : 1,
    "additional" : true,
			"bones": {
				"anchor": {
					"rotation": [[0, 0, 0], [0, 0, 0]],
					"translate": [[0, 0, 0], [0, 0, 0]]
				},
				"head": {
					"rotation": [[10, 0, 0], [5, 0, 0]],
					"translate": [[0, -1, 1], [0, -1, 1]]
				},
				"body": {
					"rotation": [[0, 0, 0], [-5, 0, 0]],
					"translate": [[0, 2, 7], [0, 2, 7]]
				},
				"neck": {
					"rotation": [[-22.5, 0, 0], [-12.5, 0, 0]],
					"translate": [[0, 0, 3], [0, 0, 3]]
				},
				"neck2": {
					"rotation": [[10, 0, 0], [10, 0, 0]],
					"translate": [[0, 1, 0.5], [0, 1, 0.5]]
				},
				"tail": {
					"rotation": [[-27.18821, 9.23186, 3.86032], [-22.18821, -9.23186, -3.86032]],
					"translate": [[0, 0, -1.25], [0, 0, -1.25]]
				},
				"tail1": {
					"rotation": [[22.57734, -4.61854, -1.91757], [22.57734, 4.61854, 1.91757]],
					"translate": [[0, 0, -0.75], [0, 0, -0.75]]
				},
				"tail2": {
					"rotation": [[-22.81179, -9.23186, 3.86032], [-22.81179, 9.23186, -3.86032]],
					"translate": [[0, 0, -0.5], [0, 0, -0.5]]
				},
				"tail3": {
					"rotation": [[-22.81179, -9.23186, 3.86032], [-22.81179, 9.23186, -3.86032]],
					"translate": [[0, 0, -0.5], [0, 0, -0.5]]
				},
				"left_wing": {
					"rotation": [[27.48107, -44.78238, -29.55323], [22.5, -45, -22.5]],
					"translate": [[1, -1, 0], [1, -1, 0]]
				},
				"left_wing1": {
					"rotation": [[0, 107.5, 0], [0, 112.5, 0]],
					"translate": [[0, 0, 2], [0, 0, 2]]
				},
				"left_wing2": {
					"rotation": [[-42.73421, -58.60029, 47.26579], [-59.63881, -40.78947, 69.05898]],
					"translate": [[0, -1, 3], [0, -1, 3]]
				},
				"right_wing": {
					"rotation": [[27.48107, 44.78238, 29.55323], [22.5, 45, 22.5]],
					"translate": [[1, -1, 0], [1, -1, 0]]
				},
				"right_wing1": {
					"rotation": [[0, -107.5, 0], [0, -112.5, 0]],
					"translate": [[0, 0, 2], [0, 0, 2]]
				},
				"right_wing2": {
					"rotation": [[-42.73421, 58.60029, -47.26579], [-59.63881, 40.78947, -69.05898]],
					"translate": [[0, -1, 3], [0, -1, 3]]
				},
				"left_arm": {
					"rotation": [[67.5, 0, 0], [-90, 0, 0]],
					"translate": [[0, 2, 5], [0, 1, 8]]
				},
				"left_arm1": {
					"rotation": [[22.5, 0, 0], [-22.5, 0, 0]],
					"translate": [[0, -3, 1], [0, -1, 1]]
				},
				"left_arm_paw": {
					"rotation": [[10, 0, 0], [10, 0, 0]],
					"translate": [[0, 0, -0.25], [0, -1, 0]]
				},
				"right_arm": {
					"rotation": [[-90, 0, 0], [67.5, 0, 0]],
					"translate": [[0, 1, 8], [0, 2, 5]]
				},
				"right_arm1": {
					"rotation": [[-22.5, 0, 0], [22.5, 0, 0]],
					"translate": [[0, -1, 1], [0, -3, 1]]
				},
				"right_arm_paw": {
					"rotation": [[10, 0, 0], [10, 0, 0]],
					"translate": [[0, -1, 0], [0, 0, -0.25]]
				},
				"left_leg": {
					"rotation": [[-65.94102, -8.42106, -20.94102], [90, 0, 0]],
					"translate": [[0, -3, 7], [0, -1, 5]]
				},
				"left_leg1": {
					"rotation": [[-20.94102, 8.42106, 20.94102], [20.94102, -8.42106, 20.94102]],
					"translate": [[0, 2, -1], [0, 0, 0]]
				},
				"left_leg_paw": {
					"rotation": [[-9.76758, -2.15393, -12.31594], [-9.99238, -0.4297, -2.46621]],
					"translate": [[0, 0, 0], [0, 0, 0]]
				},
				"right_leg": {
					"rotation": [[90, 0, 0], [-65.94102, 8.42106, 20.94102]],
					"translate": [[0, -1, 5], [0, -3, 7]]
				},
				"right_leg1": {
					"rotation": [[20.94102, 8.42106, -20.94102], [-20.94102, -8.42106, -20.94102]],
					"translate": [[0, 0, 0], [0, 2, -1]]
				},
				"right_leg_paw": {
					"rotation": [[-9.99238, 0.4297, 2.46621], [-9.76758, 2.15393, 12.31594]],
					"translate": [[0, 0, 0], [0, 0, 0]]
				}
			}
  },
  "swim" : {
    "animation_length" : 2,
    "animation_speed" : 1,
    "additional" : true,
			"bones": {
				"body": {
					"rotation": [[10.15108, 9.84655, -1.75378], [-10.15108, -9.84655, -1.75378]],
					"translate": [[3, -6, -1.95], [-3, 0, -1.95]]
				},
				"neck": {
					"rotation": [[50.019, -4.98093, -0.43688], [39.981, 4.98093, -0.43688]],
					"translate": [[0, 0, 0.75], [0, 0, 0.75]]
				},
				"neck2": {
					"rotation": [[-5.019, -4.98093, -0.43688], [5.019, 4.98093, -0.43688]],
					"translate": [[0, 1, 0.5], [0, 1, 0.5]]
				},
				"tail": {
					"rotation": [[10, -10, 0], [-10, 10, 0]],
					"translate": [[0, 0, -0.5], [0, 0, -1.25]]
				},
				"tail1": {
					"rotation": [[10, -10, 0], [-10, 10, 0]],
					"translate": [[0, 0, -0.75], [0, 0, -0.75]]
				},
				"tail2": {
					"rotation": [[-10, 10, 0], [10, -10, 0]],
					"translate": [[0, 0, -0.5], [0, 0, -0.5]]
				},
				"tail3": {
					"rotation": [[-10, 20, 0], [10, -20, 0]],
					"translate": [[0, 0, -0.5], [0, 0, -0.5]]
				},
				"left_wing": {
					"rotation": [[7.92945, -18.42031, 21.21227], [-7.92945, -18.42031, -21.21227]],
					"translate": [[1, 0, -1], [1, 0, -1]]
				},
				"left_wing1": {
					"rotation": [[4.11405, 22.13991, 10.80524], [-4.11405, 22.13991, -10.80524]],
					"translate": [[-1, 0.25, 0], [-1, -0.25, 0]]
				},
				"left_wing2": {
					"rotation": [[10.15108, -9.84655, -24.25378], [-10.15108, -9.84655, 24.25378]],
					"translate": [[0, 0, 1], [0, 0, 1]]
				},
				"right_wing": {
					"rotation": [[7.92945, 18.42031, -21.21227], [-7.92945, 18.42031, 21.21227]],
					"translate": [[-1, 0, -1], [-1, 0, -1]]
				},
				"right_wing1": {
					"rotation": [[4.11405, -22.13991, -10.80524], [-4.11405, -22.13991, 10.80524]],
					"translate": [[1, 0.25, 0], [1, -0.25, 0]]
				},
				"right_wing2": {
					"rotation": [[10.15108, 9.84655, 24.25378], [-10.15108, 9.84655, -24.25378]],
					"translate": [[0, 0, 1], [0, 0, 1]]
				},
				"left_arm": {
					"rotation": [[-22.5, 0, 0], [-22.5, 0, 0]],
					"translate": [[1, -3, -2], [-1, 0, -3]]
				},
				"left_arm1": {
					"rotation": [[-42.73421, 15.69986, 16.32495], [-42.73421, 15.69986, 16.32495]],
					"translate": [[0, 0, 0], [0, 0, 0]]
				},
				"left_arm_paw": {
					"rotation": [[110.23421, -15.69986, 16.32495], [110.23421, -15.69986, 16.32495]],
					"translate": [[0, 1.25, -0.25], [0, 1.25, -0.25]]
				},
				"right_arm": {
					"rotation": [[-22.5, 0, 0], [-22.5, 0, 0]],
					"translate": [[1, -2, -3], [-1, -1, -2]]
				},
				"right_arm1": {
					"rotation": [[-42.73421, -15.69986, -16.32495], [-42.73421, -15.69986, -16.32495]],
					"translate": [[0, 0, 0], [0, 0, 0]]
				},
				"right_arm_paw": {
					"rotation": [[110.23421, 15.69986, -16.32495], [110.23421, 15.69986, -16.32495]],
					"translate": [[0, 1.25, -0.25], [0, 1.25, -0.25]]
				},
				"left_leg": {
					"rotation": [[69.29234, -0.9287, 24.49973], [69.29234, -0.9287, 24.49973]],
					"translate": [[5, -6, -4], [-3, 5, -3]]
				},
				"left_leg_paw": {
					"rotation": [[83.90739, -31.95712, 34.30432], [83.90739, -31.95712, 34.30432]],
					"translate": [[0, 0, 0], [0, 0, 0]]
				},
				"right_leg": {
					"rotation": [[69.29234, 0.9287, -24.49973], [69.29234, 0.9287, -24.49973]],
					"translate": [[3, -5, -3], [-5, 4, -4]]
				},
				"right_leg_paw": {
					"rotation": [[83.90739, 31.95712, -34.30432], [83.90739, 31.95712, -34.30432]],
					"translate": [[0, 0, 0], [0, 0, 0]]
				},
				"head": {
					"rotation": [[0, 0, 0], [0, 0, 0]],
					"translate": [[0, 0, 0], [0, 0, 0]]
				},
				"anchor": {
					"rotation": [[-90, 0, 0], [-90, 0, 0]],
					"translate": [[0, 0, 6], [0, 0, 6]]
				}
			}
  }
}