{
  "walk" : {
    "animation_length" : 3,
    "animation_speed" : 1,
    "additional" : true,
    "bones" : {
      "tail" : {
        "rotation": [[-11.5, 29.5, -5.75], [-20, 0, 0], [-11.5, -29.5, 5.75]]
	  },
      "base" : {
        "rotation": [[0, 0, 0], [0, 0, 0], [0, 0, 0]]
      },
      "mid1" : {
        "rotation": [[17.75, -9.5, -3.0], [17.5, 0, 0], [17.75, 9.5, 3.0]],
		"translate": [[0, 0.25, -0.25], [0, 0.25, -0.25], [0, 0.25, -0.25]]
      },
      "mid2" : {
        "rotation": [[25.25, -9.0, -4.25], [25, 0, 0], [25.25, 9.0, 4.25]],
		"translate": [[0, 0, -0.5], [0, 0, -0.5], [0, 0, -0.5]]
      },
      "end" : {
        "rotation": [[-10, -9.75, 1.75], [-10, 0, 0], [-10, 9.75, 1.75]],
		"translate": [[0, 0, -0.25], [0, 0, -0.25], [0, 0, -0.25]]
      }
    }
  },
  "idle" : {
    "animation_length" : 3,
    "animation_speed" : 1,
    "additional" : true,
    "bones" : {
      "tail" : {
        "rotation": [[-45.75, 8, -9.5], [-50, 0, 0], [-45.75, -8, 9.5]]
	  },
      "base" : {
        "rotation": [[0, 0, 0], [0, 0, 0], [0, 0, 0]]
      },
      "mid1" : {
        "rotation": [[10, 5, 1], [10, 0, 0], [10, -5, -1]],
		"translate": [[0, 0.5, -0.25], [0, 0.5, -0.25], [0, 0.5, -0.25]]
      },
      "mid2" : {
        "rotation": [[25.25, 9, 4.25], [25, 0, 0], [25.25, -9, -4.25]],
		"translate": [[0, 0, -0.5], [0, 0, -0.5], [0, 0, -0.5]]
      },
      "end" : {
        "rotation": [[41.75, 15, 13], [40, 0, 0], [41.75, -15, -13]],
		"translate": [[0, -0.25, -0.5], [0, -0.25, -0.5], [0, -0.25, -0.5]]
      }
    }
  },
  "sit" : {
    "animation_length" : 1,
    "animation_speed" : 1,
    "additional" : true,
    "bones" : {
      "tail" : {
        "rotation": [[-31, 73, -16.75]],
		"translate": [[0, 2, 0]]
	  },
      "base" : {
        "rotation": [[-2.5, 0, 0]]
      },
      "mid1" : {
        "rotation": [[-14.5, 71.75, -15.75]],
		"translate": [[0, 0, -1.25]]
      },
      "mid2" : {
        "rotation": [[7.5, 50, -3]],
		"translate": [[-0.5, 0, -0.75]]
      },
      "end" : {
        "rotation": [[-13.5, 45.25, 9]],
		"translate": [[-0.5, 0, -0.75]]
      }
    }
  },
  "fly" : {
    "animation_length" : 3,
    "animation_speed" : 1,
    "additional" : true,
    "bones" : {
      "tail" : {
        "rotation": [[-11.5, 29.5, -5.75], [-20, 0, 0], [-11.5, -29.5, 5.75]]
	  },
      "base" : {
        "rotation": [[0, 0, 0], [0, 0, 0], [0, 0, 0]]
      },
      "mid1" : {
        "rotation": [[17.75, -9.5, -3.0], [17.5, 0, 0], [17.75, 9.5, 3.0]],
		"translate": [[0, 0.25, -0.25], [0, 0.25, -0.25], [0, 0.25, -0.25]]
      },
      "mid2" : {
        "rotation": [[25.25, -9.0, -4.25], [25, 0, 0], [25.25, 9.0, 4.25]],
		"translate": [[0, 0, -0.5], [0, 0, -0.5], [0, 0, -0.5]]
      },
      "end" : {
        "rotation": [[-10, -9.75, 1.75], [-10, 0, 0], [-10, 9.75, 1.75]],
		"translate": [[0, 0, -0.25], [0, 0, -0.25], [0, 0, -0.25]]
      }
    }
  },
  "fly_idle" : {
    "animation_length" : 3,
    "animation_speed" : 0.20,
    "additional" : true,
    "bones" : {
      "tail" : {
        "rotation": [[-45.75, 8, -9.5], [-50, 0, 0], [-45.75, -8, 9.5]]
	  },
      "base" : {
        "rotation": [[0, 0, 0], [0, 0, 0], [0, 0, 0]]
      },
      "mid1" : {
        "rotation": [[10, 5, 1], [10, 0, 0], [10, -5, -1]],
		"translate": [[0, 0.5, -0.25], [0, 0.5, -0.25], [0, 0.5, -0.25]]
      },
      "mid2" : {
        "rotation": [[25.25, 9, 4.25], [25, 0, 0], [25.25, -9, -4.25]],
		"translate": [[0, 0, -0.5], [0, 0, -0.5], [0, 0, -0.5]]
      },
      "end" : {
        "rotation": [[41.75, 15, 13], [40, 0, 0], [41.75, -15, -13]],
		"translate": [[0, -0.25, -0.5], [0, -0.25, -0.5], [0, -0.25, -0.5]]
      }
    }
  },
  "wag" : {
    "animation_length" : 3,
    "animation_speed" : 3,
    "additional" : true,
    "bones" : {
      "tail" : {
        "rotation": [[-11.5, 29.5, -5.75], [-20, 0, 0], [-11.5, -29.5, 5.75]]
	  },
      "base" : {
        "rotation": [[0, 0, 0], [0, 0, 0], [0, 0, 0]]
      },
      "mid1" : {
        "rotation": [[17.75, -9.5, -3.0], [17.5, 0, 0], [17.75, 9.5, 3.0]],
		"translate": [[0, 0.25, -0.25], [0, 0.25, -0.25], [0, 0.25, -0.25]]
      },
      "mid2" : {
        "rotation": [[25.25, -9.0, -4.25], [25, 0, 0], [25.25, 9.0, 4.25]],
		"translate": [[0, 0, -0.5], [0, 0, -0.5], [0, 0, -0.5]]
      },
      "end" : {
        "rotation": [[-10, -9.75, 1.75], [-10, 0, 0], [-10, 9.75, 1.75]],
		"translate": [[0, 0, -0.25], [0, 0, -0.25], [0, 0, -0.25]]
      }
    }
  },
  "sleep" : {
    "animation_length" : 1,
    "animation_speed" : 1,
    "additional" : true,
    "bones" : {
      "tail" : {
        "rotation": [[-3, 68.75, 21]],
		"translate": [[0, 0, 0]]
	  },
      "base" : {
        "rotation": [[-24.75, 0.25, -17.75]]
      },
      "mid1" : {
        "rotation": [[-19.5, 51, 20]],
		"translate": [[0, 0.5, -1]]
      },
      "mid2" : {
        "rotation": [[-46.75, 45.25, 19.75]],
		"translate": [[0.25, 0.5, -0.5]]
      },
      "end" : {
        "rotation": [[-27.5, -17.25, 8.5]],
		"translate": [[0, 0, -0.75]]
      }
    }
  },
  "crawl" : {
    "animation_length" : 3,
    "animation_speed" : 1,
    "additional" : true,
    "bones" : {
      "tail" : {
        "rotation": [[-76.5, 29.5, -5.75], [-85, 0, 0], [-76.5, -29.5, 5.75]],
		"translate": [[0, -2, 0], [0, -2, 0], [0, -2, 0]]
	  },
      "base" : {
        "rotation": [[0, 0, 0], [0, 0, 0], [0, 0, 0]]
      },
      "mid1" : {
        "rotation": [[17.75, -9.5, -3.0], [17.5, 0, 0], [17.75, 9.5, 3.0]],
		"translate": [[0, 0.25, -0.25], [0, 0.25, -0.25], [0, 0.25, -0.25]]
      },
      "mid2" : {
        "rotation": [[25.25, -9.0, -4.25], [25, 0, 0], [25.25, 9.0, 4.25]],
		"translate": [[0, 0, -0.5], [0, 0, -0.5], [0, 0, -0.5]]
      },
      "end" : {
        "rotation": [[-10, -9.75, 1.75], [-10, 0, 0], [-10, 9.75, 1.75]],
		"translate": [[0, 0, -0.25], [0, 0, -0.25], [0, 0, -0.25]]
      }
    }
  },
  "crouch" : {
    "animation_length" : 3,
    "animation_speed" : 1,
    "additional" : true,
    "bones" : {
      "tail" : {
        "rotation": [[-11.5, 29.5, -5.75], [-20, 0, 0], [-11.5, -29.5, 5.75]]
	  },
      "base" : {
        "rotation": [[0, 0, 0], [0, 0, 0], [0, 0, 0]]
      },
      "mid1" : {
        "rotation": [[17.75, -9.5, -3.0], [17.5, 0, 0], [17.75, 9.5, 3.0]],
		"translate": [[0, 0.25, -0.25], [0, 0.25, -0.25], [0, 0.25, -0.25]]
      },
      "mid2" : {
        "rotation": [[25.25, -9.0, -4.25], [25, 0, 0], [25.25, 9.0, 4.25]],
		"translate": [[0, 0, -0.5], [0, 0, -0.5], [0, 0, -0.5]]
      },
      "end" : {
        "rotation": [[-10, -9.75, 1.75], [-10, 0, 0], [-10, 9.75, 1.75]],
		"translate": [[0, 0, -0.25], [0, 0, -0.25], [0, 0, -0.25]]
      }
    }
  },
  "swim" : {
    "animation_length" : 3,
    "animation_speed" : 1,
    "additional" : true,
    "bones" : {
      "tail" : {
        "rotation": [[-71.5, 29.5, -5.75], [-80, 0, 0], [-71.5, -29.5, 5.75]],
		"translate": [[0, 0, 0.5], [0, 0, 0.5], [0, 0, 0.5]]
	  },
      "base" : {
        "rotation": [[0, 0, 0], [0, 0, 0], [0, 0, 0]]
      },
      "mid1" : {
        "rotation": [[17.75, -9.5, -3.0], [17.5, 0, 0], [17.75, 9.5, 3.0]],
		"translate": [[0, 0.25, -0.25], [0, 0.25, -0.25], [0, 0.25, -0.25]]
      },
      "mid2" : {
        "rotation": [[25.25, -9.0, -4.25], [25, 0, 0], [25.25, 9.0, 4.25]],
		"translate": [[0, 0, -0.5], [0, 0, -0.5], [0, 0, -0.5]]
      },
      "end" : {
        "rotation": [[-10, -9.75, 1.75], [-10, 0, 0], [-10, 9.75, 1.75]],
		"translate": [[0, 0, -0.25], [0, 0, -0.25], [0, 0, -0.25]]
      }
    }
  }
}