{"name":"hair_8","menu":"_Hair","author":"Anfauglir/Valaron/Jakob","body_part":"head","hidden_parts":[],"texture":"moreplayermodels:textures/hair/hair_8.png","can_use_player_skin":false,"preview_rotation":225,"render_type":"bedrock","render_data":{"format_version":"1.12.0","minecraft:geometry":[{"description":{"identifier":"geometry.unknown","texture_width":16,"texture_height":16,"visible_bounds_width":2,"visible_bounds_height":1.5,"visible_bounds_offset":[0,0.25,0]},"bones":[{"name":"hair_8","pivot":[0,0,0],"cubes":[{"origin":[-2,-0.5,3],"size":[4,4,3],"uv":[0,7]},{"origin":[-2,-0.5,3],"size":[4,4,3],"inflate":0.2,"uv":[0,0]}]}]}]}}