{"name":"hair_1","menu":"_Hair","author":"Anfauglir/Valaron/Jakob","body_part":"head","hidden_parts":[],"texture":"moreplayermodels:textures/hair/hair_1.png","can_use_player_skin":false,"preview_rotation":225,"render_type":"bedrock","render_data":{"format_version":"1.12.0","minecraft:geometry":[{"description":{"identifier":"geometry.unknown","texture_width":32,"texture_height":32,"visible_bounds_width":2,"visible_bounds_height":2.5,"visible_bounds_offset":[0,0.75,0]},"bones":[{"name":"hair_1","pivot":[0,0,0],"cubes":[{"origin":[-2,6,2],"size":[4,4,4],"uv":[0,8]},{"origin":[-1,2,4],"size":[2,6,3],"uv":[16,0]},{"origin":[-2,6,2],"size":[4,4,4],"inflate":0.2,"uv":[0,0]},{"origin":[-1,2,4],"size":[2,6,3],"inflate":0.2,"uv":[13,13]},{"origin":[1,-1,6.25],"size":[0,9,2],"pivot":[1,5,7],"rotation":[0,45,0],"uv":[16,20]},{"origin":[-1,-1,6.25],"size":[0,9,2],"pivot":[-1,5,7],"rotation":[0,-45,0],"uv":[12,20]},{"origin":[-2,1,4.25],"size":[0,10,3],"pivot":[-2,8,6],"rotation":[0,-45,0],"uv":[0,13]},{"origin":[2,1,4.25],"size":[0,10,3],"pivot":[2,8,6],"rotation":[0,45,0],"uv":[6,13]},{"origin":[-2,8,0.75],"size":[0,3,3],"pivot":[-2,8,2],"rotation":[0,45,0],"uv":[12,6]},{"origin":[2,8,0.75],"size":[0,3,3],"pivot":[2,8,2],"rotation":[0,-45,0],"uv":[18,6]}]}]}]}}