{"name":"hair_10","menu":"_Hair","author":"Anfauglir/Valaron/Jakob","body_part":"head","hidden_parts":[],"texture":"moreplayermodels:textures/hair/hair_10.png","can_use_player_skin":false,"preview_rotation":225,"render_type":"bedrock","render_data":{"format_version":"1.12.0","minecraft:geometry":[{"description":{"identifier":"geometry.unknown","texture_width":64,"texture_height":64,"visible_bounds_width":2,"visible_bounds_height":2.5,"visible_bounds_offset":[0,0.75,0]},"bones":[{"name":"hair_10","pivot":[0,0,0],"cubes":[{"origin":[-1,2,-3],"size":[2,10,10],"uv":[14,10]},{"origin":[-1,2,-3],"size":[2,10,10],"inflate":0.2,"uv":[0,0]},{"origin":[1,1,4],"size":[0,8,3],"pivot":[1,4.5,4],"rotation":[0,22.5,0],"uv":[6,17]},{"origin":[-1,1,4],"size":[0,8,3],"pivot":[-1,4.5,4],"rotation":[0,-22.5,0],"uv":[0,17]},{"origin":[1,8,-4],"size":[0,3,8],"pivot":[1,8,2],"rotation":[0,0,22.5],"uv":[16,22]},{"origin":[-1,8,-4],"size":[0,3,8],"pivot":[-1,8,2],"rotation":[0,0,-22.5],"uv":[0,22]}]}]}]}}