{"name":"hair_5","menu":"_Hair","author":"Anfauglir/Valaron/Jakob","body_part":"head","hidden_parts":[],"texture":"moreplayermodels:textures/hair/hair_5.png","can_use_player_skin":false,"preview_rotation":225,"render_type":"bedrock","render_data":{"format_version":"1.12.0","minecraft:geometry":[{"description":{"identifier":"geometry.unknown","texture_width":64,"texture_height":64,"visible_bounds_width":3,"visible_bounds_height":2.5,"visible_bounds_offset":[0,0.75,0]},"bones":[{"name":"hair_5","pivot":[0,0,0],"cubes":[{"origin":[-2,7,-2.175],"size":[4,3,6],"pivot":[0,9,1],"rotation":[12.5,0,0],"uv":[12,27]},{"origin":[-2,7,-2.175],"size":[4,3,6],"inflate":0.2,"pivot":[0,9,1],"rotation":[12.5,0,0],"uv":[20,0]},{"origin":[0,8,-3.175],"size":[0,3,9],"pivot":[0,9,1],"rotation":[12.5,0,0],"uv":[0,18]},{"origin":[-2,8,-3],"size":[0,2,6],"pivot":[-2,8,1],"rotation":[0,0,-22.5],"uv":[0,12]},{"origin":[2,8,-3],"size":[0,2,6],"pivot":[2,8,1],"rotation":[0,0,22.5],"uv":[0,10]}]},{"name":"bone","parent":"hair_5","pivot":[0,9,3],"rotation":[12.5,0,0],"cubes":[{"origin":[-2.5,-2,2],"size":[5,11,5],"uv":[15,11]},{"origin":[-2.5,-2,2],"size":[5,11,5],"inflate":0.2,"uv":[0,0]},{"origin":[0,-4,6],"size":[0,12,3],"uv":[0,27]},{"origin":[2.5,-4,6],"size":[0,11,2],"pivot":[2.5,3.5,7],"rotation":[0,45,0],"uv":[14,34]},{"origin":[2.5,-4,3.5],"size":[0,11,2],"pivot":[2.5,3.5,4.5],"rotation":[0,55,0],"uv":[10,34]},{"origin":[-2.5,-4,3.5],"size":[0,11,2],"pivot":[-2.5,3.5,4.5],"rotation":[0,-55,0],"uv":[6,28]},{"origin":[-2.5,-4,6],"size":[0,11,2],"pivot":[-2.5,3.5,7],"rotation":[0,-45,0],"uv":[32,25]}]}]}]}}