{
  "type": "minecraft:entity",
  "pools": [
    {
      "rolls": 1,
      "entries": [
        {
          "type": "minecraft:loot_table",
          "name": "catenary:preset/amethyst_lights"
        },
        {
          "type": "minecraft:loot_table",
          "name": "catenary:preset/bamboo"
        },
        {
          "type": "minecraft:loot_table",
          "name": "catenary:preset/catenary_spelling"
        },
        {
          "type": "minecraft:loot_table",
          "name": "catenary:preset/chain_with_lanterns"
        },
        {
          "type": "minecraft:loot_table",
          "name": "catenary:preset/chain_with_mixed_lanterns"
        },
        {
          "type": "minecraft:loot_table",
          "name": "catenary:preset/chain_with_paper_lanterns"
        },
        {
          "type": "minecraft:loot_table",
          "name": "catenary:preset/chain_with_soul_lanterns"
        },
        {
          "type": "minecraft:loot_table",
          "name": "catenary:preset/custom_spelling"
        },
        {
          "type": "minecraft:loot_table",
          "name": "catenary:preset/electrical_cable"
        },
        {
          "type": "minecraft:loot_table",
          "name": "catenary:preset/end_rods"
        },
        {
          "type": "minecraft:loot_table",
          "name": "catenary:preset/grindstone_chain"
        },
        {
          "type": "minecraft:loot_table",
          "name": "catenary:preset/mossy_beam"
        },
        {
          "type": "minecraft:loot_table",
          "name": "catenary:preset/rainbow_glass_panes"
        },
        {
          "type": "minecraft:loot_table",
          "name": "catenary:preset/simple_chain"
        },
        {
          "type": "minecraft:loot_table",
          "name": "catenary:preset/straight_chain"
        },
        {
          "type": "minecraft:loot_table",
          "name": "catenary:preset/straight_iron_bars"
        }
      ]
    }
  ]
}