{
  "type": "minecraft:entity",
  "pools": [
    {
      "rolls": 1,
      "entries": [
        {
          "type": "minecraft:item",
          "name": "minecraft:firework_rocket",
          "functions": [
            {
              "function": "set_nbt",
              "tag": "{Fireworks:{}}"
            },
            {
              "function": "copy_nbt",
              "source": {
                "type": "storage",
                "source": "catenary:calc"
              },
              "ops": [
                {
                  "source": "item_tag",
                  "target": "{}",
                  "op": "merge"
                }
              ]
            },
            {
              "function": "copy_nbt",
              "source": {
                "type": "storage",
                "source": "catenary:calc"
              },
              "ops": [
                {
                  "source": "item_tag.catenary",
                  "target": "catenary",
                  "op": "replace"
                }
              ]
            }
          ]
        }
      ]
    }
  ]
}