{"name":"christmas_hat","menu":"_Seasonal","author":"Anfauglir/Valaron/Jakob","body_part":"head","hidden_parts":[],"texture":"moreplayermodels:textures/seasonal/christmas_hat.png","can_use_player_skin":false,"preview_rotation":45,"render_type":"bedrock","render_data":{"format_version":"1.12.0","minecraft:geometry":[{"description":{"identifier":"geometry.unknown","texture_width":64,"texture_height":64,"visible_bounds_width":3,"visible_bounds_height":2.5,"visible_bounds_offset":[0,0.75,0]},"bones":[{"name":"christmas_hat","pivot":[0,0,-0.75],"rotation":[-7.5,0,0],"cubes":[{"origin":[-5,6,-5.75],"size":[10,3,10],"uv":[0,0]},{"origin":[-4,9,-4.8],"size":[8,4,8],"pivot":[0,9,-4.75],"rotation":[-20,0,0],"uv":[0,13]},{"origin":[-3,10.27008,-0.38911],"size":[6,4,6],"pivot":[0,13.67008,0.86089],"rotation":[-50,0,0],"uv":[0,25]},{"origin":[-2,10.55143,4.5636],"size":[4,4,4],"pivot":[0,14.30143,4.8136],"rotation":[-87.5,0,0],"uv":[24,25]},{"origin":[-1,9.85124,7.43779],"size":[2,4,2],"pivot":[0,12.65124,7.13779],"rotation":[-127.5,0,0],"uv":[0,0]},{"origin":[-2,8.12122,4.77865],"size":[4,4,4],"pivot":[0,10.12122,6.77865],"rotation":[-149.63881,40.78947,20.94102],"uv":[24,13]}]}]}]}}