{"name":"earmuffs_a","menu":"_Seasonal","author":"Anfauglir/Valaron/Jakob","parent":"moreplayermodels:parts/seasonal/earmuffs.json","body_part":"head","hidden_parts":[],"texture":"moreplayermodels:textures/seasonal/earmuffs_a.png","can_use_player_skin":false,"preview_rotation":45,"render_type":"bedrock","render_data":{"format_version":"1.12.0","minecraft:geometry":[{"description":{"identifier":"geometry.unknown","texture_width":32,"texture_height":32,"visible_bounds_width":2,"visible_bounds_height":2.5,"visible_bounds_offset":[0,0.75,0]},"bones":[{"name":"earmuffs","pivot":[0,0,0],"cubes":[{"origin":[-5,5,-1],"size":[10,4,2],"uv":[0,0]},{"origin":[4,1,-2],"size":[2,4,4],"uv":[16,6]},{"origin":[-6,1,-2],"size":[2,4,4],"uv":[0,14]},{"origin":[4,1,-2],"size":[2,4,4],"inflate":0.2,"uv":[0,6]},{"origin":[-6,1,-2],"size":[2,4,4],"inflate":0.2,"uv":[8,10]}]}]}]}}