{"name":"reindeer","menu":"_Seasonal","author":"Anfauglir/Valaron/Jakob","body_part":"head","hidden_parts":[],"texture":"moreplayermodels:textures/seasonal/reindeer.png","can_use_player_skin":false,"preview_rotation":45,"render_type":"bedrock","render_data":{"format_version":"1.12.0","minecraft:geometry":[{"description":{"identifier":"geometry.unknown","texture_width":32,"texture_height":32,"visible_bounds_width":3,"visible_bounds_height":2.5,"visible_bounds_offset":[0,0.75,0]},"bones":[{"name":"reindeer","pivot":[0,0,0],"cubes":[{"origin":[-2,0,-6],"size":[4,4,2],"uv":[10,0]},{"origin":[-1,3,-7],"size":[2,2,2],"uv":[6,26]},{"origin":[3.25,7.25,2.25],"size":[3,5,1],"pivot":[3.5,9,0.5],"rotation":[-20.57639,9.30727,48.30696],"uv":[0,22]},{"origin":[-6.25,7.25,2.25],"size":[3,5,1],"pivot":[-3.5,9,0.5],"rotation":[-20.57639,-9.30727,-48.30696],"uv":[16,18]}]},{"name":"left","parent":"reindeer","pivot":[3.75,10.25,-1],"cubes":[{"origin":[2,8,-2],"size":[2,3,2],"pivot":[1,9.5,0],"rotation":[0,0,30],"uv":[22,5]},{"origin":[3.17399,9.66141,-4.82771],"size":[1,1,3],"inflate":0.2,"pivot":[3.42399,10.41141,-3.32771],"rotation":[-9.92442,-0.86717,20.03729],"uv":[18,25]},{"origin":[2.3335,11.49655,-6.27224],"size":[1,1,2],"pivot":[2.3335,11.04655,-6.07224],"rotation":[-41.32414,28.64327,14.40228],"uv":[0,3]},{"origin":[2.20924,15.5529,2.16441],"size":[1,1,4],"pivot":[2.95924,14.5529,4.91441],"rotation":[-115.84739,26.17944,-48.74382],"uv":[6,17]},{"origin":[5.87541,12.48578,0.24363],"size":[1,1,4],"pivot":[6.37541,12.98578,2.74363],"rotation":[-89.17808,-8.21231,62.1469],"uv":[16,6]},{"origin":[5.34072,13.86634,5.45673],"size":[1,1,3],"pivot":[5.74072,14.11634,6.85673],"rotation":[121.98945,34.06585,-105.53372],"uv":[13,24]},{"origin":[6.12478,10.34534,-7.23412],"size":[1,1,3],"pivot":[3.37478,10.97034,-5.23412],"rotation":[-36.38585,-61.23183,14.15713],"uv":[24,16]},{"origin":[4.18766,12.28392,2.47566],"size":[1,1,4],"inflate":0.2,"pivot":[4.78766,12.28392,3.97566],"rotation":[16.17289,-9.16026,12.52047],"uv":[18,11]},{"origin":[2.75,9.25,-2.25],"size":[2,2,6],"pivot":[3.75,10.25,-1],"rotation":[32.72238,1.1937,25.21377],"uv":[0,8]}]},{"name":"right","parent":"reindeer","pivot":[-3.75,10.25,-1],"cubes":[{"origin":[-4,8,-2],"size":[2,3,2],"pivot":[-1,9.5,0],"rotation":[0,0,-30],"uv":[22,0]},{"origin":[-4.17399,9.66141,-4.82771],"size":[1,1,3],"inflate":0.2,"pivot":[-3.42399,10.41141,-3.32771],"rotation":[-9.92442,0.86717,-20.03729],"uv":[24,10]},{"origin":[-3.3335,11.49655,-6.27224],"size":[1,1,2],"pivot":[-2.3335,11.04655,-6.07224],"rotation":[-41.32414,-28.64327,-14.40228],"uv":[0,0]},{"origin":[-3.20924,15.5529,2.16441],"size":[1,1,4],"pivot":[-2.95924,14.5529,4.91441],"rotation":[-115.84739,-26.17944,48.74382],"uv":[0,16]},{"origin":[-6.87541,12.48578,0.24363],"size":[1,1,4],"pivot":[-6.37541,12.98578,2.74363],"rotation":[-89.17808,8.21231,-62.1469],"uv":[12,13]},{"origin":[-6.34072,13.86634,5.45673],"size":[1,1,3],"pivot":[-5.74072,14.11634,6.85673],"rotation":[121.98945,-34.06585,105.53372],"uv":[8,22]},{"origin":[-7.12478,10.34534,-7.23412],"size":[1,1,3],"pivot":[-3.37478,10.97034,-5.23412],"rotation":[-36.38585,61.23183,-14.15713],"uv":[21,21]},{"origin":[-5.18766,12.28392,2.47566],"size":[1,1,4],"inflate":0.2,"pivot":[-4.78766,12.28392,3.97566],"rotation":[16.17289,9.16026,-12.52047],"uv":[10,8]},{"origin":[-4.75,9.25,-2.25],"size":[2,2,6],"pivot":[-3.75,10.25,-1],"rotation":[32.72238,-1.1937,-25.21377],"uv":[0,0]}]}]}]}}